<ArrayOfRepository xmlns="http://schemas.datacontract.org/2004/07/org.iringtools.library" xmlns:i="http://www.w3.org/2001/XMLSchema-instance">
  <Repository>
    <description>iRING Sandbox</description>
    <isReadOnly>false</isReadOnly>
    <name>iRING Sandbox</name>
    <uri>http://localhost:2020/sandbox</uri>
  </Repository>
  <Repository>
    <description>RDS/WIP Part 4 Reference Data Library</description>
    <isReadOnly>true</isReadOnly>
    <name>ReferenceData</name>
    <uri>http://rdl.rdlfacade.org/data</uri>
  </Repository>
  <Repository>
    <description>RDS/WIP Part 7 Template Library</description>
    <isReadOnly>true</isReadOnly>
    <name>Templates</name>
    <uri>http://tpl.rdlfacade.org/data</uri>
  </Repository>
</ArrayOfRepository>