<DatabaseDictionary xmlns="http://ns.iringtools.org/library" xmlns:i="http://www.w3.org/2001/XMLSchema-instance">
  <connectionString>Data Source=.\SQLEXPRESS;Initial Catalog=Inspec;User Id=inspec;Password=inspec</connectionString>
  <provider>MsSql2008</provider>
  <tables>
    <Table>
      <associations i:nil="true"/>
      <columns>
        <Column>
          <columnName>STATUS</columnName>
          <columnType>String</columnType>
          <propertyName>Status</propertyName>
        </Column>
        <Column>
          <columnName>PLANT</columnName>
          <columnType>String</columnType>
          <propertyName>Plant</propertyName>
        </Column>
        <Column>
          <columnName>PLANT_AREA</columnName>
          <columnType>String</columnType>
          <propertyName>Plant_Area</propertyName>
        </Column>
        <Column>
          <columnName>SYSTEM</columnName>
          <columnType>String</columnType>
          <propertyName>System</propertyName>
        </Column>
        <Column>
          <columnName>DESCRIPTION</columnName>
          <columnType>String</columnType>
          <propertyName>Description</propertyName>
        </Column>
        <Column>
          <columnName>PID</columnName>
          <columnType>String</columnType>
          <propertyName>PID</propertyName>
        </Column>
        <Column>
          <columnName>PID_REV</columnName>
          <columnType>String</columnType>
          <propertyName>PID_Rev</propertyName>
        </Column>
        <Column>
          <columnName>DIAMETER</columnName>
          <columnType>Double</columnType>
          <propertyName>Diameter</propertyName>
        </Column>
        <Column>
          <columnName>DIAMETER_UOM</columnName>
          <columnType>String</columnType>
          <propertyName>Diameter_UOM</propertyName>
        </Column>
        <Column>
          <columnName>SPEC</columnName>
          <columnType>String</columnType>
          <propertyName>Spec</propertyName>
        </Column>
        <Column>
          <columnName>FLUID</columnName>
          <columnType>String</columnType>
          <propertyName>Fluid</propertyName>
        </Column>
        <Column>
          <columnName>OP_PRESS</columnName>
          <columnType>Double</columnType>
          <propertyName>Operating_Pressure</propertyName>
        </Column>
        <Column>
          <columnName>DGN_PRESS</columnName>
          <columnType>Double</columnType>
          <propertyName>Design_Pressure</propertyName>
        </Column>
        <Column>
          <columnName>PRESS_UOM</columnName>
          <columnType>String</columnType>
          <propertyName>Press_UOM</propertyName>
        </Column>
        <Column>
          <columnName>OP_TEMP</columnName>
          <columnType>Double</columnType>
          <propertyName>Operating_Temperature</propertyName>
        </Column>
        <Column>
          <columnName>DGN_TEMP</columnName>
          <columnType>Double</columnType>
          <propertyName>Design_Temperature</propertyName>
        </Column>
        <Column>
          <columnName>TEMP_UOM</columnName>
          <columnType>String</columnType>
          <propertyName>Temp_UOM</propertyName>
        </Column>
        <Column>
          <columnName>LENGTH</columnName>
          <columnType>Double</columnType>
          <propertyName>Length</propertyName>
        </Column>
        <Column>
          <columnName>LENGTH_UOM</columnName>
          <columnType>String</columnType>
          <propertyName>Length_UOM</propertyName>
        </Column>
        <Column>
          <columnName>INSULATION_YN</columnName>
          <columnType>String</columnType>
          <propertyName>Insulation_YN</propertyName>
        </Column>
        <Column>
          <columnName>INSULATION_THICKNESS</columnName>
          <columnType>Double</columnType>
          <propertyName>Insulation_Thickness</propertyName>
        </Column>
        <Column>
          <columnName>INSULATION_THICKNESS_UOM</columnName>
          <columnType>String</columnType>
          <propertyName>Insul_Thk_UOM</propertyName>
        </Column>
        <Column>
          <columnName>VISIBLE_TAG</columnName>
          <columnType>String</columnType>
          <propertyName>Visible_Tag</propertyName>
        </Column>
        <Column>
          <columnName>HYDRO_TEST</columnName>
          <columnType>String</columnType>
          <propertyName>Hydro_Test</propertyName>
        </Column>
        <Column>
          <columnName>FLOW</columnName>
          <columnType>String</columnType>
          <propertyName>Flow</propertyName>
        </Column>
        <Column>
          <columnName>REMARKS</columnName>
          <columnType>String</columnType>
          <propertyName>Remarks</propertyName>
        </Column>
      </columns>
      <entityName>Lines</entityName>
      <keys>
        <Key>
          <columnName>TAGNO</columnName>
          <columnType>String</columnType>
          <propertyName>Tag_No</propertyName>
          <keyType>assigned</keyType>
        </Key>
      </keys>
      <lazyLoading>true</lazyLoading>
      <tableName>IS_LINE</tableName>
    </Table>
  </tables>
</DatabaseDictionary>
