<?xml version="1.0" encoding="utf-8"?>
<configuration>
	<template>
		<objecttype>3</objecttype>
		<name>TMP-A4-001</name>
		<placeholders />
	</template>
	<mappings>
		<!--<map columnname="Id" destination="0"/>-->
		<map columnname="Code" destination="3">
			<rule order="0">6</rule>
			<rule order="1">8</rule>
			<rule order="2">9</rule>
			<rule order="3">10</rule>
			<rule order="4">11</rule>
			<rule order="5">12</rule>
			<rule order="6">13</rule>
			<rule order="7">14</rule>
			<rule order="8">15</rule>
			<rule order="9">16</rule>
			<rule order="10">17</rule>
			<rule order="11">22</rule>
		</map>
		<!--<map columnname="Class" destination="0"/>
		<map columnname="Discipline" destination="0"/>
		<map columnname="Document Status" destination="0"/>
		<map columnname="Reason for Issue" destination="0"/>
		<map columnname="Regulatory Requirement" destination="0"/>-->
		<map columnname="Revision" destination="6"/>
	</mappings>
</configuration>
