<dataDictionary xmlns="http://www.iringtools.org/library" xmlns:i="http://www.w3.org/2001/XMLSchema-instance">
  <dataObjects>
    <dataObject>
      <tableName>/folders</tableName>
      <objectName>folders</objectName>
      <keyDelimeter>_</keyDelimeter>
      <keyProperties>
        <keyProperty>
          <keyPropertyName>id</keyPropertyName>
        </keyProperty>
      </keyProperties>
      <dataProperties>
        <dataProperty>
          <columnName>id</columnName>
          <propertyName>id</propertyName>
          <dataType>String</dataType>
          <dataLength>0</dataLength>
          <isNullable>true</isNullable>
          <keyType>unassigned</keyType>
        </dataProperty>       
        <dataProperty>
          <columnName>parent</columnName>
          <propertyName>parentId</propertyName>
          <dataType>String</dataType>
          <dataLength>0</dataLength>
          <isNullable>true</isNullable>
          <keyType>unassigned</keyType>
        </dataProperty>
        <dataProperty>
          <columnName>name</columnName>
          <propertyName>name</propertyName>
          <dataType>String</dataType>
          <dataLength>0</dataLength>
          <isNullable>true</isNullable>
          <keyType>unassigned</keyType>
        </dataProperty>
        <dataProperty>
          <columnName>path_collection</columnName>
          <propertyName>path</propertyName>
          <dataType>String</dataType>
          <dataLength>0</dataLength>
          <isNullable>true</isNullable>
          <keyType>unassigned</keyType>
        </dataProperty>
        <dataProperty>
          <columnName>etag</columnName>
          <propertyName>version</propertyName>
          <dataType>String</dataType>
          <dataLength>0</dataLength>
          <isNullable>true</isNullable>
          <keyType>unassigned</keyType>
        </dataProperty>
        <dataProperty>
          <columnName>size</columnName>
          <propertyName>size</propertyName>
          <dataType>Int32</dataType>
          <dataLength>0</dataLength>
          <isNullable>true</isNullable>
          <keyType>unassigned</keyType>
        </dataProperty>        
        <dataProperty>
          <columnName>description</columnName>
          <propertyName>description</propertyName>
          <dataType>String</dataType>
          <dataLength>0</dataLength>
          <isNullable>true</isNullable>
          <keyType>unassigned</keyType>
        </dataProperty>      
        <dataProperty>
          <columnName>created_at</columnName>
          <propertyName>createdDate</propertyName>
          <dataType>DateTime</dataType>
          <dataLength>0</dataLength>
          <isNullable>true</isNullable>
          <keyType>unassigned</keyType>
        </dataProperty>
        <dataProperty>
          <columnName>modified_at</columnName>
          <propertyName>modifyDate</propertyName>
          <dataType>DateTime</dataType>
          <dataLength>0</dataLength>
          <isNullable>true</isNullable>
          <keyType>unassigned</keyType>
        </dataProperty>
        <dataProperty>
          <columnName>created_by</columnName>
          <propertyName>createdBy</propertyName>
          <dataType>String</dataType>
          <dataLength>0</dataLength>
          <isNullable>true</isNullable>
          <keyType>unassigned</keyType>
        </dataProperty>
        <dataProperty>
          <columnName>modified_by</columnName>
          <propertyName>modifiedBy</propertyName>
          <dataType>String</dataType>
          <dataLength>0</dataLength>
          <isNullable>true</isNullable>
          <keyType>unassigned</keyType>
        </dataProperty>        
        <dataProperty>
          <columnName>shared_link</columnName>
          <propertyName>sharedLink</propertyName>
          <dataType>String</dataType>
          <dataLength>0</dataLength>
          <isNullable>true</isNullable>
          <keyType>unassigned</keyType>
        </dataProperty>    
        <dataProperty>
          <columnName>item_status</columnName>
          <propertyName>status</propertyName>
          <dataType>String</dataType>
          <dataLength>0</dataLength>
          <isNullable>true</isNullable>
          <keyType>unassigned</keyType>
        </dataProperty>     
      </dataProperties>

      <dataRelationships>
        <dataRelationship>
          <propertyMaps>
            <propertyMap>
              <dataPropertyName>id</dataPropertyName>
              <relatedPropertyName>parentId</relatedPropertyName>
            </propertyMap>
          </propertyMaps>
          <relatedObjectName>sub_folders</relatedObjectName>
          <relationshipName>children</relationshipName>
          <relationshipType>OneToMany</relationshipType>
        </dataRelationship>
        <dataRelationship>
          <propertyMaps>
            <propertyMap>
              <dataPropertyName>id</dataPropertyName>
              <relatedPropertyName>folderId</relatedPropertyName>
            </propertyMap>
          </propertyMaps>
          <relatedObjectName>documents</relatedObjectName>
          <relationshipName>documents</relationshipName>
          <relationshipType>OneToMany</relationshipType>
        </dataRelationship>        
      </dataRelationships>
    
    </dataObject>
    <dataObject>
      <tableName>/files</tableName>
      <objectName>documents</objectName>
      <keyDelimeter>_</keyDelimeter>
      <keyProperties>
        <keyProperty>
          <keyPropertyName>id</keyPropertyName>
        </keyProperty>
      </keyProperties>
      <dataProperties>
        <dataProperty>
          <columnName>id</columnName>
          <propertyName>id</propertyName>
          <dataType>String</dataType>
          <dataLength>0</dataLength>
          <isNullable>true</isNullable>
          <keyType>unassigned</keyType>
        </dataProperty>
        <dataProperty>
          <columnName>parent</columnName>
          <propertyName>folderId</propertyName>
          <dataType>String</dataType>
          <dataLength>0</dataLength>
          <isNullable>true</isNullable>
          <keyType>unassigned</keyType>
        </dataProperty>
        <dataProperty>
          <columnName>name</columnName>
          <propertyName>name</propertyName>
          <dataType>String</dataType>
          <dataLength>0</dataLength>
          <isNullable>true</isNullable>
          <keyType>unassigned</keyType>
        </dataProperty>
        <dataProperty>
          <columnName>description</columnName>
          <propertyName>description</propertyName>
          <dataType>String</dataType>
          <dataLength>0</dataLength>
          <isNullable>true</isNullable>
          <keyType>unassigned</keyType>
        </dataProperty>
        <dataProperty>
          <columnName>etag</columnName>
          <propertyName>version</propertyName>
          <dataType>String</dataType>
          <dataLength>0</dataLength>
          <isNullable>true</isNullable>
          <keyType>unassigned</keyType>
        </dataProperty>
        <dataProperty>
          <columnName>size</columnName>
          <propertyName>size</propertyName>
          <dataType>Int32</dataType>
          <dataLength>0</dataLength>
          <isNullable>true</isNullable>
          <keyType>unassigned</keyType>
        </dataProperty>
        <dataProperty>
          <columnName>created_at</columnName>
          <propertyName>createdDate</propertyName>
          <dataType>DateTime</dataType>
          <dataLength>0</dataLength>
          <isNullable>true</isNullable>
          <keyType>unassigned</keyType>
        </dataProperty>
        <dataProperty>
          <columnName>modified_at</columnName>
          <propertyName>modifydate</propertyName>
          <dataType>DateTime</dataType>
          <dataLength>0</dataLength>
          <isNullable>true</isNullable>
          <keyType>unassigned</keyType>
        </dataProperty>
        <dataProperty>
          <columnName>created_by</columnName>
          <propertyName>createdBy</propertyName>
          <dataType>String</dataType>
          <dataLength>0</dataLength>
          <isNullable>true</isNullable>
          <keyType>unassigned</keyType>
        </dataProperty>
        <dataProperty>
          <columnName>modified_by</columnName>
          <propertyName>modifiedBy</propertyName>
          <dataType>String</dataType>
          <dataLength>0</dataLength>
          <isNullable>true</isNullable>
          <keyType>unassigned</keyType>
        </dataProperty>
        <dataProperty>
          <columnName>path_collection</columnName>
          <propertyName>path</propertyName>
          <dataType>String</dataType>
          <dataLength>0</dataLength>
          <isNullable>true</isNullable>
          <keyType>unassigned</keyType>
        </dataProperty>
        <dataProperty>
          <columnName>shared_link</columnName>
          <propertyName>shared_link</propertyName>
          <dataType>String</dataType>
          <dataLength>0</dataLength>
          <isNullable>true</isNullable>
          <keyType>unassigned</keyType>
        </dataProperty>        
        <dataProperty>
          <columnName>item_status</columnName>
          <propertyName>status</propertyName>
          <dataType>String</dataType>
          <dataLength>0</dataLength>
          <isNullable>true</isNullable>
          <keyType>unassigned</keyType>
        </dataProperty>
      </dataProperties>
      <dataRelationships/>
    </dataObject>
    <dataObject>
      <tableName>subfolders</tableName>
      <objectName>sub_folders</objectName>
      <keyDelimeter>_</keyDelimeter>
      <keyProperties>
        <keyProperty>
          <keyPropertyName>name</keyPropertyName>
        </keyProperty>
      </keyProperties>
      <dataProperties>
        <dataProperty>
          <columnName>id</columnName>
          <propertyName>id</propertyName>
          <dataType>String</dataType>
          <dataLength>16</dataLength>
          <isNullable>false</isNullable>
          <keyType>unassigned</keyType>
          <isReadOnly>true</isReadOnly>
        </dataProperty>
        <dataProperty>
          <columnName>parent</columnName>
          <propertyName>parentId</propertyName>
          <dataType>String</dataType>
          <dataLength>16</dataLength>
          <isNullable>false</isNullable>
          <keyType>unassigned</keyType>
          <isReadOnly>true</isReadOnly>
        </dataProperty>
        <dataProperty>
          <columnName>name</columnName>
          <propertyName>name</propertyName>
          <dataType>String</dataType>
          <dataLength>60</dataLength>
          <isNullable>false</isNullable>
          <keyType>identity</keyType>
          <showOnIndex>true</showOnIndex>
        </dataProperty>
        <dataProperty>
          <columnName>path_collection</columnName>
          <propertyName>path</propertyName>
          <dataType>String</dataType>
          <dataLength>0</dataLength>
          <isNullable>true</isNullable>
          <keyType>unassigned</keyType>
        </dataProperty>
        <dataProperty>
          <columnName>size</columnName>
          <propertyName>size</propertyName>
          <dataType>Int32</dataType>
          <dataLength>0</dataLength>
          <isNullable>true</isNullable>
          <keyType>unassigned</keyType>
        </dataProperty>
        <dataProperty>
          <columnName>created_at</columnName>
          <propertyName>createdDate</propertyName>
          <dataType>DateTime</dataType>
          <dataLength>0</dataLength>
          <isNullable>true</isNullable>
          <keyType>unassigned</keyType>
        </dataProperty>
        <dataProperty>
          <columnName>modified_at</columnName>
          <propertyName>modifydate</propertyName>
          <dataType>DateTime</dataType>
          <dataLength>0</dataLength>
          <isNullable>true</isNullable>
          <keyType>unassigned</keyType>
        </dataProperty>
        <dataProperty>
          <columnName>created_by</columnName>
          <propertyName>createdBy</propertyName>
          <dataType>String</dataType>
          <dataLength>0</dataLength>
          <isNullable>true</isNullable>
          <keyType>unassigned</keyType>
        </dataProperty>
        <dataProperty>
          <columnName>modified_by</columnName>
          <propertyName>modifiedBy</propertyName>
          <dataType>String</dataType>
          <dataLength>0</dataLength>
          <isNullable>true</isNullable>
          <keyType>unassigned</keyType>
        </dataProperty>       
        <dataProperty>
          <columnName>shared_link</columnName>
          <propertyName>shared_link</propertyName>
          <dataType>String</dataType>
          <dataLength>0</dataLength>
          <isNullable>true</isNullable>
          <keyType>unassigned</keyType>
        </dataProperty>
        <dataProperty>
          <columnName>item_status</columnName>
          <propertyName>status</propertyName>
          <dataType>String</dataType>
          <dataLength>0</dataLength>
          <isNullable>true</isNullable>
          <keyType>unassigned</keyType>
        </dataProperty>        
      </dataProperties>
      <dataRelationships/>
      <isReadOnly>true</isReadOnly>
    </dataObject>
    <dataObject>
      <tableName>/search?query=</tableName>
      <objectName>search</objectName>
      <keyDelimeter>_</keyDelimeter>
      <keyProperties>
        <keyProperty>
          <keyPropertyName>id</keyPropertyName>
        </keyProperty>
      </keyProperties>
      <dataProperties>
        <dataProperty>
          <columnName>id</columnName>
          <propertyName>id</propertyName>
          <dataType>String</dataType>
          <dataLength>0</dataLength>
          <isNullable>true</isNullable>
          <keyType>unassigned</keyType>
        </dataProperty>
      
      </dataProperties>
      <dataRelationships/>
    </dataObject>    
  </dataObjects>
  <picklists/>
  <enableSearch>false</enableSearch>
  <enableSummary>false</enableSummary>
  <dataVersion i:nil="true"/>
</dataDictionary>