<DatabaseDictionary xmlns="http://ns.iringtools.org/library" xmlns:i="http://www.w3.org/2001/XMLSchema-instance">
  <connectionString>Persist Security Info=True;Data Source=inspec_ash;User ID=iringtools;Password=iringtools</connectionString>
  <provider>Oracle10g</provider>
  <tables>
    <!--<Table>
      <associations i:nil="true"/>
      <columns>
        <Column>
          <columnName>STATUS</columnName>
          <columnType>String</columnType>
          <propertyName>Status</propertyName>
        </Column>
        <Column>
          <columnName>PLANT</columnName>
          <columnType>String</columnType>
          <propertyName>Plant</propertyName>
        </Column>
        <Column>
          <columnName>PLANT_AREA</columnName>
          <columnType>String</columnType>
          <propertyName>Plant_Area</propertyName>
        </Column>
        <Column>
          <columnName>SYSTEM</columnName>
          <columnType>String</columnType>
          <propertyName>System</propertyName>
        </Column>
        <Column>
          <columnName>DESCRIPTION</columnName>
          <columnType>String</columnType>
          <propertyName>Description</propertyName>
        </Column>
        <Column>
          <columnName>PID</columnName>
          <columnType>String</columnType>
          <propertyName>PID</propertyName>
        </Column>
        <Column>
          <columnName>PID_REV</columnName>
          <columnType>String</columnType>
          <propertyName>PID_Rev</propertyName>
        </Column>
        <Column>
          <columnName>INSULATION_YN</columnName>
          <columnType>String</columnType>
          <propertyName>Insulation_YN</propertyName>
        </Column>
        <Column>
          <columnName>INSULATION_THICKNESS</columnName>
          <columnType>Double</columnType>
          <propertyName>Insulation_Thickness</propertyName>
        </Column>
        <Column>
          <columnName>INSULATION_THICKNESS_UOM</columnName>
          <columnType>String</columnType>
          <propertyName>Insul_Thk_UOM</propertyName>
        </Column>
        <Column>
          <columnName>OP_PRESS</columnName>
          <columnType>Double</columnType>
          <propertyName>Operating_Pressure</propertyName>
        </Column>
        <Column>
          <columnName>OP_PRESS_UOM</columnName>
          <columnType>String</columnType>
          <propertyName>Op_Press_UOM</propertyName>
        </Column>
        <Column>
          <columnName>OP_TEMP</columnName>
          <columnType>Double</columnType>
          <propertyName>Operating_Temperature</propertyName>
        </Column>
        <Column>
          <columnName>OP_TEMP_UOM</columnName>
          <columnType>String</columnType>
          <propertyName>Op_Temp_UOM</propertyName>
        </Column>
        <Column>
          <columnName>LENGTH</columnName>
          <columnType>Double</columnType>
          <propertyName>Length</propertyName>
        </Column>
        <Column>
          <columnName>LENGTH_UOM</columnName>
          <columnType>String</columnType>
          <propertyName>Length_UOM</propertyName>
        </Column>
        <Column>
          <columnName>DIAMETER</columnName>
          <columnType>Double</columnType>
          <propertyName>Diameter</propertyName>
        </Column>
        <Column>
          <columnName>DIAMETER_UOM</columnName>
          <columnType>String</columnType>
          <propertyName>Diameter_UOM</propertyName>
        </Column>
        <Column>
          <columnName>MATERIAL</columnName>
          <columnType>String</columnType>
          <propertyName>Material</propertyName>
        </Column>
        <Column>
          <columnName>MANUFACTURER</columnName>
          <columnType>String</columnType>
          <propertyName>Manufacturer</propertyName>
        </Column>
        <Column>
          <columnName>MODEL_NO</columnName>
          <columnType>String</columnType>
          <propertyName>Model_No</propertyName>
        </Column>
        <Column>
          <columnName>FLUID</columnName>
          <columnType>String</columnType>
          <propertyName>Fluid</propertyName>
        </Column>
        <Column>
          <columnName>TYPE</columnName>
          <columnType>String</columnType>
          <propertyName>Type</propertyName>
        </Column>
        <Column>
          <columnName>REMARKS</columnName>
          <columnType>String</columnType>
          <propertyName>Remarks</propertyName>
        </Column>
      </columns>
      <entityName>Equipment</entityName>
      <keys>
        <Key>
          <columnName>TAGNO</columnName>
          <columnType>String</columnType>
          <propertyName>Tag_No</propertyName>
          <keyType>assigned</keyType>
        </Key>
      </keys>
      <lazyLoading>true</lazyLoading>
      <tableName>IS_EQUIP</tableName>
    </Table>
    <Table>
      <associations i:nil="true"/>
      <columns>
        <Column>
          <columnName>STATUS</columnName>
          <columnType>String</columnType>
          <propertyName>Status</propertyName>
        </Column>
        <Column>
          <columnName>PLANT</columnName>
          <columnType>String</columnType>
          <propertyName>Plant</propertyName>
        </Column>
        <Column>
          <columnName>PLANT_AREA</columnName>
          <columnType>String</columnType>
          <propertyName>Plant_Area</propertyName>
        </Column>
        <Column>
          <columnName>SYSTEM</columnName>
          <columnType>String</columnType>
          <propertyName>System</propertyName>
        </Column>
        <Column>
          <columnName>DESCRIPTION</columnName>
          <columnType>String</columnType>
          <propertyName>Description</propertyName>
        </Column>
        <Column>
          <columnName>PID</columnName>
          <columnType>String</columnType>
          <propertyName>PID</propertyName>
        </Column>
        <Column>
          <columnName>PID_REV</columnName>
          <columnType>String</columnType>
          <propertyName>PID_Rev</propertyName>
        </Column>
        <Column>
          <columnName>INST_TYPE</columnName>
          <columnType>String</columnType>
          <propertyName>Instrument_Type</propertyName>
        </Column>
        <Column>
          <columnName>IOTYPE</columnName>
          <columnType>String</columnType>
          <propertyName>IO_Type</propertyName>
        </Column>
        <Column>
          <columnName>MANUFACTURER</columnName>
          <columnType>String</columnType>
          <propertyName>Manufacturer</propertyName>
        </Column>
        <Column>
          <columnName>MODEL_NO</columnName>
          <columnType>String</columnType>
          <propertyName>Model_No</propertyName>
        </Column>
        <Column>
          <columnName>OP_PRESS</columnName>
          <columnType>Double</columnType>
          <propertyName>Operating_Pressure</propertyName>
        </Column>
        <Column>
          <columnName>DGN_PRESS</columnName>
          <columnType>Double</columnType>
          <propertyName>Design_Pressure</propertyName>
        </Column>
        <Column>
          <columnName>PRESS_UOM</columnName>
          <columnType>String</columnType>
          <propertyName>Press_UOM</propertyName>
        </Column>
        <Column>
          <columnName>OP_TEMP</columnName>
          <columnType>Double</columnType>
          <propertyName>Operating_Temperature</propertyName>
        </Column>
        <Column>
          <columnName>DGN_TEMP</columnName>
          <columnType>Double</columnType>
          <propertyName>Design_Temperature</propertyName>
        </Column>
        <Column>
          <columnName>TEMP_UOM</columnName>
          <columnType>String</columnType>
          <propertyName>Temp_UOM</propertyName>
        </Column>
        <Column>
          <columnName>CONTROL_SETPOINT</columnName>
          <columnType>String</columnType>
          <propertyName>Setpoint</propertyName>
        </Column>
        <Column>
          <columnName>LOWER_RANGE_VALUE</columnName>
          <columnType>String</columnType>
          <propertyName>Lower_Range_Value</propertyName>
        </Column>
        <Column>
          <columnName>UPPER_RANGE_VALUE</columnName>
          <columnType>String</columnType>
          <propertyName>Upper_Range_Value</propertyName>
        </Column>
        <Column>
          <columnName>SCALE_UNITS</columnName>
          <columnType>String</columnType>
          <propertyName>Scale_Units</propertyName>
        </Column>
        <Column>
          <columnName>INPUT_SIGNAL</columnName>
          <columnType>String</columnType>
          <propertyName>Input_Signal</propertyName>
        </Column>
        <Column>
          <columnName>OUTPUT_SIGNAL</columnName>
          <columnType>String</columnType>
          <propertyName>Output_Signal</propertyName>
        </Column>
        <Column>
          <columnName>MIN_MEAS_SPAN</columnName>
          <columnType>String</columnType>
          <propertyName>Min_Measurement_Span</propertyName>
        </Column>
        <Column>
          <columnName>MAX_MEAS_SPAN</columnName>
          <columnType>String</columnType>
          <propertyName>Max_Measurement_Span</propertyName>
        </Column>
        <Column>
          <columnName>MEAS_SPAN_UOM</columnName>
          <columnType>String</columnType>
          <propertyName>Measurement_Span_UOM</propertyName>
        </Column>
        <Column>
          <columnName>INST_LOC</columnName>
          <columnType>String</columnType>
          <propertyName>Location</propertyName>
        </Column>
        <Column>
          <columnName>FAILMODE</columnName>
          <columnType>String</columnType>
          <propertyName>Fail_Mode</propertyName>
        </Column>
        <Column>
          <columnName>DATA_SHEET</columnName>
          <columnType>String</columnType>
          <propertyName>Data_Sheet</propertyName>
        </Column>
        <Column>
          <columnName>ELEC_SCHEM</columnName>
          <columnType>String</columnType>
          <propertyName>Elec_Schematic</propertyName>
        </Column>
        <Column>
          <columnName>INSTALL_DTL</columnName>
          <columnType>String</columnType>
          <propertyName>Install_Detail</propertyName>
        </Column>
        <Column>
          <columnName>ISO_DWG</columnName>
          <columnType>String</columnType>
          <propertyName>Isometeric_Diagram</propertyName>
        </Column>
        <Column>
          <columnName>LEVEL_DIAG</columnName>
          <columnType>String</columnType>
          <propertyName>Level_Setting_Diagram</propertyName>
        </Column>
        <Column>
          <columnName>LOC_DWG</columnName>
          <columnType>String</columnType>
          <propertyName>Location_Drawing</propertyName>
        </Column>
        <Column>
          <columnName>LOGIC_DIAG</columnName>
          <columnType>String</columnType>
          <propertyName>Logic_Diagram</propertyName>
        </Column>
        <Column>
          <columnName>LOOP_DIAG</columnName>
          <columnType>String</columnType>
          <propertyName>Loop_Diagram</propertyName>
        </Column>
        <Column>
          <columnName>MR</columnName>
          <columnType>String</columnType>
          <propertyName>MR</propertyName>
        </Column>
        <Column>
          <columnName>VENDOR_DWG</columnName>
          <columnType>String</columnType>
          <propertyName>Vendor_Drawing</propertyName>
        </Column>
        <Column>
          <columnName>REMARKS</columnName>
          <columnType>String</columnType>
          <propertyName>Remarks</propertyName>
        </Column>
      </columns>
      <entityName>Instruments</entityName>
      <keys>
        <Key>
          <columnName>TAGNO</columnName>
          <columnType>String</columnType>
          <propertyName>Tag_No</propertyName>
          <keyType>assigned</keyType>
        </Key>
      </keys>
      <lazyLoading>true</lazyLoading>
      <tableName>IS_INST</tableName>
    </Table>-->
    <Table>
      <associations i:nil="true"/>
      <columns>
        <Column>
          <columnName>STATUS</columnName>
          <columnType>String</columnType>
          <propertyName>Status</propertyName>
        </Column>
        <Column>
          <columnName>PLANT</columnName>
          <columnType>String</columnType>
          <propertyName>Plant</propertyName>
        </Column>
        <Column>
          <columnName>PLANT_AREA</columnName>
          <columnType>String</columnType>
          <propertyName>Plant_Area</propertyName>
        </Column>
        <Column>
          <columnName>SYSTEM</columnName>
          <columnType>String</columnType>
          <propertyName>System</propertyName>
        </Column>
        <Column>
          <columnName>DESCRIPTION</columnName>
          <columnType>String</columnType>
          <propertyName>Description</propertyName>
        </Column>
        <Column>
          <columnName>PID</columnName>
          <columnType>String</columnType>
          <propertyName>PID</propertyName>
        </Column>
        <Column>
          <columnName>PID_REV</columnName>
          <columnType>String</columnType>
          <propertyName>PID_Rev</propertyName>
        </Column>
        <Column>
          <columnName>DIAMETER</columnName>
          <columnType>Double</columnType>
          <propertyName>Diameter</propertyName>
        </Column>
        <Column>
          <columnName>DIAMETER_UOM</columnName>
          <columnType>String</columnType>
          <propertyName>Diameter_UOM</propertyName>
        </Column>
        <Column>
          <columnName>SPEC</columnName>
          <columnType>String</columnType>
          <propertyName>Spec</propertyName>
        </Column>
        <Column>
          <columnName>FLUID</columnName>
          <columnType>String</columnType>
          <propertyName>Fluid</propertyName>
        </Column>
        <Column>
          <columnName>OP_PRESS</columnName>
          <columnType>Double</columnType>
          <propertyName>Operating_Pressure</propertyName>
        </Column>
        <Column>
          <columnName>DGN_PRESS</columnName>
          <columnType>Double</columnType>
          <propertyName>Design_Pressure</propertyName>
        </Column>
        <Column>
          <columnName>PRESS_UOM</columnName>
          <columnType>String</columnType>
          <propertyName>Press_UOM</propertyName>
        </Column>
        <Column>
          <columnName>OP_TEMP</columnName>
          <columnType>Double</columnType>
          <propertyName>Operating_Temperature</propertyName>
        </Column>
        <Column>
          <columnName>DGN_TEMP</columnName>
          <columnType>Double</columnType>
          <propertyName>Design_Temperature</propertyName>
        </Column>
        <Column>
          <columnName>TEMP_UOM</columnName>
          <columnType>String</columnType>
          <propertyName>Temp_UOM</propertyName>
        </Column>
        <Column>
          <columnName>LENGTH</columnName>
          <columnType>Double</columnType>
          <propertyName>Length</propertyName>
        </Column>
        <Column>
          <columnName>LENGTH_UOM</columnName>
          <columnType>String</columnType>
          <propertyName>Length_UOM</propertyName>
        </Column>
        <Column>
          <columnName>INSULATION_YN</columnName>
          <columnType>String</columnType>
          <propertyName>Insulation_YN</propertyName>
        </Column>
        <Column>
          <columnName>INSULATION_THICKNESS</columnName>
          <columnType>Double</columnType>
          <propertyName>Insulation_Thickness</propertyName>
        </Column>
        <Column>
          <columnName>INSULATION_THICKNESS_UOM</columnName>
          <columnType>String</columnType>
          <propertyName>Insul_Thk_UOM</propertyName>
        </Column>
        <Column>
          <columnName>VISIBLE_TAG</columnName>
          <columnType>String</columnType>
          <propertyName>Visible_Tag</propertyName>
        </Column>
        <Column>
          <columnName>HYDRO_TEST</columnName>
          <columnType>String</columnType>
          <propertyName>Hydro_Test</propertyName>
        </Column>
        <Column>
          <columnName>INSTALLATION_DATE</columnName>
          <columnType>DateTime</columnType>
          <propertyName>Installation_Date</propertyName>
        </Column>
        <Column>
          <columnName>FLOW</columnName>
          <columnType>String</columnType>
          <propertyName>Flow</propertyName>
        </Column>
        <Column>
          <columnName>REMARKS</columnName>
          <columnType>String</columnType>
          <propertyName>Remarks</propertyName>
        </Column>
      </columns>
      <entityName>Lines</entityName>
      <keys>
        <Key>
          <columnName>TAGNO</columnName>
          <columnType>String</columnType>
          <propertyName>Tag_No</propertyName>
          <keyType>assigned</keyType>
        </Key>
      </keys>
      <lazyLoading>true</lazyLoading>
      <tableName>IS_LINE</tableName>
    </Table>
    <!--<Table>
      <associations i:nil="true"/>
      <columns>
        <Column>
          <columnName>STATUS</columnName>
          <columnType>String</columnType>
          <propertyName>Status</propertyName>
        </Column>
        <Column>
          <columnName>PLANT</columnName>
          <columnType>String</columnType>
          <propertyName>Plant</propertyName>
        </Column>
        <Column>
          <columnName>PLANT_AREA</columnName>
          <columnType>String</columnType>
          <propertyName>Plant_Area</propertyName>
        </Column>
        <Column>
          <columnName>SYSTEM</columnName>
          <columnType>String</columnType>
          <propertyName>System</propertyName>
        </Column>
        <Column>
          <columnName>DESCRIPTION</columnName>
          <columnType>String</columnType>
          <propertyName>Description</propertyName>
        </Column>
        <Column>
          <columnName>PID</columnName>
          <columnType>String</columnType>
          <propertyName>PID</propertyName>
        </Column>
        <Column>
          <columnName>PID_REV</columnName>
          <columnType>String</columnType>
          <propertyName>PID_Rev</propertyName>
        </Column>
        <Column>
          <columnName>END_PREP</columnName>
          <columnType>String</columnType>
          <propertyName>End_Prep</propertyName>
        </Column>
        <Column>
          <columnName>RATING</columnName>
          <columnType>String</columnType>
          <propertyName>Rating</propertyName>
        </Column>
        <Column>
          <columnName>MANUFACTURER</columnName>
          <columnType>String</columnType>
          <propertyName>Manufacturer</propertyName>
        </Column>
        <Column>
          <columnName>MODEL_NO</columnName>
          <columnType>String</columnType>
          <propertyName>Model_No</propertyName>
        </Column>
        <Column>
          <columnName>FLOWRATE</columnName>
          <columnType>String</columnType>
          <propertyName>Flow_Rate</propertyName>
        </Column>
        <Column>
          <columnName>DIAMETER</columnName>
          <columnType>Double</columnType>
          <propertyName>Diameter</propertyName>
        </Column>
        <Column>
          <columnName>DIAMETER_UOM</columnName>
          <columnType>String</columnType>
          <propertyName>Diameter_UOM</propertyName>
        </Column>
        <Column>
          <columnName>SPEC</columnName>
          <columnType>String</columnType>
          <propertyName>Spec</propertyName>
        </Column>
        <Column>
          <columnName>FLUID</columnName>
          <columnType>String</columnType>
          <propertyName>Fluid</propertyName>
        </Column>
        <Column>
          <columnName>OP_PRESS</columnName>
          <columnType>Double</columnType>
          <propertyName>Operating_Pressure</propertyName>
        </Column>
        <Column>
          <columnName>DGN_PRESS</columnName>
          <columnType>Double</columnType>
          <propertyName>Design_Pressure</propertyName>
        </Column>
        <Column>
          <columnName>PRESS_UOM</columnName>
          <columnType>String</columnType>
          <propertyName>Press_UOM</propertyName>
        </Column>
        <Column>
          <columnName>OP_TEMP</columnName>
          <columnType>Double</columnType>
          <propertyName>Operating_Temperature</propertyName>
        </Column>
        <Column>
          <columnName>DGN_TEMP</columnName>
          <columnType>Double</columnType>
          <propertyName>Design_Temperature</propertyName>
        </Column>
        <Column>
          <columnName>TEMP_UOM</columnName>
          <columnType>String</columnType>
          <propertyName>Temp_UOM</propertyName>
        </Column>
        <Column>
          <columnName>INSULATION_YN</columnName>
          <columnType>String</columnType>
          <propertyName>Insulation_YN</propertyName>
        </Column>
        <Column>
          <columnName>INSULATION_THICKNESS</columnName>
          <columnType>Double</columnType>
          <propertyName>Insulation_Thickness</propertyName>
        </Column>
        <Column>
          <columnName>INSULATION_THICKNESS_UOM</columnName>
          <columnType>String</columnType>
          <propertyName>Insul_Thk_UOM</propertyName>
        </Column>
        <Column>
          <columnName>REMARKS</columnName>
          <columnType>String</columnType>
          <propertyName>Remarks</propertyName>
        </Column>
      </columns>
      <entityName>Valves</entityName>
      <keys>
        <Key>
          <columnName>TAGNO</columnName>
          <columnType>String</columnType>
          <propertyName>Tag_No</propertyName>
          <keyType>assigned</keyType>
        </Key>
      </keys>
      <lazyLoading>true</lazyLoading>
      <tableName>IS_VALVE</tableName>
    </Table>-->
  </tables>
</DatabaseDictionary>
