<DatabaseDictionary xmlns="http://ns.iringtools.org/library" xmlns:i="http://www.w3.org/2001/XMLSchema-instance">
  <connectionString>Data Source=.\SQLEXPRESS;Initial Catalog=Camelot_test;User Id=camelot;Password=camelot</connectionString>
  <provider>MsSql2008</provider>
  <tables>
    <Table>
      <associations i:nil="true"/>
      <columns>        
        <Column>
          <columnName>diameter</columnName>
          <columnType>Double</columnType>
          <propertyName>diameter</propertyName>
        </Column>
        <Column>
          <columnName>uomDiameter</columnName>
          <columnType>String</columnType>
          <propertyName>uomDiameter</propertyName>
        </Column>
        <Column>
          <columnName>system</columnName>
          <columnType>String</columnType>
          <propertyName>system</propertyName>
        </Column>        
      </columns>
      <entityName>Line</entityName>
      <keys>
        <Key>
          <columnName>tag</columnName>
          <columnType>String</columnType>
          <propertyName>tag</propertyName>
          <keyType>assigned</keyType>
        </Key>
      </keys>
      <lazyLoading>true</lazyLoading>
      <tableName>Line</tableName>
    </Table>
    
    <Table>
      <associations i:nil="true"/>
      <columns>        
        <Column>
          <columnName>componentType</columnName>
          <columnType>String</columnType>
          <propertyName>componentType</propertyName>
        </Column>
        <Column>
          <columnName>diameter</columnName>
          <columnType>Double</columnType>
          <propertyName>diameter</propertyName>
        </Column>
        <Column>
          <columnName>uomDiameter</columnName>
          <columnType>String</columnType>
          <propertyName>uomDiameter</propertyName>
        </Column>
        <Column>
          <columnName>rating</columnName>
          <columnType>String</columnType>
          <propertyName>rating</propertyName>
        </Column>
        <Column>
          <columnName>system</columnName>
          <columnType>String</columnType>
          <propertyName>system</propertyName>
        </Column>
        <Column>
          <columnName>unit</columnName>
          <columnType>String</columnType>
          <propertyName>unit</propertyName>
        </Column>
        <Column>
          <columnName>projectNumber</columnName>
          <columnType>String</columnType>
          <propertyName>projectNumber</propertyName>
        </Column>
        <Column>
          <columnName>pid</columnName>
          <columnType>String</columnType>
          <propertyName>pid</propertyName>
        </Column>
        <Column>
          <columnName>lineTag</columnName>
          <columnType>String</columnType>
          <propertyName>lineTag</propertyName>
        </Column>
        <Column>
          <columnName>quantity</columnName>
          <columnType>Int32</columnType>
          <propertyName>quantity</propertyName>
        </Column>
      </columns>
      <entityName>InLinePipingComponent</entityName>
      <keys>
        <Key>
          <columnName>tag</columnName>
          <columnType>String</columnType>
          <propertyName>tag</propertyName>
          <keyType>assigned</keyType>
        </Key>
      </keys>
      <lazyLoading>true</lazyLoading>
      <tableName>InLinePipingComponent</tableName>
    </Table>
    
    <Table>
      <associations i:nil="true"/>
      <columns>        
        <Column>
          <columnName>description</columnName>
          <columnType>String</columnType>
          <propertyName>description</propertyName>
        </Column>
      </columns>
      <entityName>KOPot</entityName>
      <keys>
        <Key>
          <columnName>tag</columnName>
          <columnType>String</columnType>
          <propertyName>tag</propertyName>
          <keyType>assigned</keyType>
        </Key>
      </keys>
      <lazyLoading>true</lazyLoading>
      <tableName>KOPot</tableName>
    </Table>
    
    <Table>
      <associations i:nil="true"/>
      <columns>        
        <Column>
          <columnName>description</columnName>
          <columnType>String</columnType>
          <propertyName>description</propertyName>
        </Column>
      </columns>
      <entityName>VacuumTower</entityName>
      <keys>
        <Key>
          <columnName>tag</columnName>
          <columnType>String</columnType>
          <propertyName>tag</propertyName>
          <keyType>assigned</keyType>
        </Key>        
      </keys>
      <lazyLoading>true</lazyLoading>
      <tableName>VacuumTower</tableName>
    </Table>
  </tables>
</DatabaseDictionary>