<DataDictionary xmlns="http://ns.iringtools.org/library" xmlns:i="http://www.w3.org/2001/XMLSchema-instance"><dataObjects><DataObject><tableName i:nil="true"/><objectName>Equipment</objectName><keyDelimeter/><keyProperties><KeyProperty><keyPropertyName>Tag</keyPropertyName></KeyProperty></keyProperties><dataProperties><DataProperty><columnName i:nil="true"/><propertyName>PumpType</propertyName><dataType>String</dataType><dataLength>255</dataLength><isNullable>true</isNullable><keyType>unassigned</keyType><showOnIndex>true</showOnIndex></DataProperty><DataProperty><columnName i:nil="true"/><propertyName>PumpDriverType</propertyName><dataType>String</dataType><dataLength>255</dataLength><isNullable>true</isNullable><keyType>unassigned</keyType></DataProperty><DataProperty><columnName i:nil="true"/><propertyName>DesignTemp</propertyName><dataType>Double</dataType><dataLength>16</dataLength><isNullable>true</isNullable><keyType>unassigned</keyType></DataProperty><DataProperty><columnName i:nil="true"/><propertyName>DesignPressure</propertyName><dataType>Double</dataType><dataLength>16</dataLength><isNullable>true</isNullable><keyType>unassigned</keyType></DataProperty><DataProperty><columnName i:nil="true"/><propertyName>Capacity</propertyName><dataType>Double</dataType><dataLength>16</dataLength><isNullable>true</isNullable><keyType>unassigned</keyType></DataProperty><DataProperty><columnName i:nil="true"/><propertyName>SpecificGravity</propertyName><dataType>Double</dataType><dataLength>16</dataLength><isNullable>true</isNullable><keyType>unassigned</keyType></DataProperty><DataProperty><columnName i:nil="true"/><propertyName>DifferentialPressure</propertyName><dataType>Double</dataType><dataLength>16</dataLength><isNullable>true</isNullable><keyType>unassigned</keyType></DataProperty></dataProperties><dataRelationships/></DataObject></dataObjects></DataDictionary>