﻿<?xml version="1.0" encoding="utf-8" ?>
<commodity>
  <name>Equipment</name>
  <attributes>
    <attribute name="Tag" dataType="String"/>
    <attribute name="PumpType" dataType="String"/>
    <attribute name="PumpDriverType" dataType="String"/>
    <attribute name="DesignTemp" dataType="Double"/>
    <attribute name="DesignPressure" dataType="Double"/>
    <attribute name="Capacity" dataType="Double"/>
    <attribute name="SpecificGravity" dataType="Double"/>
    <attribute name="DifferentialPressure" dataType="Double"/>
  </attributes>
</commodity>