﻿<hibernate-mapping default-lazy="true" xmlns="urn:nhibernate-mapping-2.2">
  <class name="org.iringtools.adapter.proj_12345_000.DEF.Line, AdapterService" table="Line">
    <id name="Id" column="TAG">
      <generator class="assigned" />
    </id>
    <property name="tag" column="TAG" update="false" insert="false" />
    <property name="diameter" column="DIAMETER" />
    <property name="uomDiameter" column="DIAMETER_UOM" />
    <property name="system" column="SYSTEM" />
  </class>
</hibernate-mapping>