<?xml version="1.0"?>
<rdf:RDF xmlns:rdf="http://www.w3.org/1999/02/22-rdf-syntax-ns#" xmlns:data="http://tpl.rdlfacade.org/data#" xmlns:data1="http://dm.rdlfacade.org/data#">
	<data:R31178164691>
		<data:R47421421239 rdf:resource="http://www.example.com/data#id__1-AB-L-001" />
	</data:R31178164691>
	<data:R57208341310>
		<data:startDateTime rdf:datatype="http://www.w3.org/2001/XMLSchema#datetime">2/1/2010 8:19:55 PM</data:startDateTime>
		<data:R23810118927 rdf:resource="http://www.example.com/data#id__1-AB-L-004" />
		<data:R13477943711 rdf:datatype="http://www.w3.org/2001/XMLSchema#String">4</data:R13477943711>
		<data:R92691343776 rdf:datatype="http://www.w3.org/2001/XMLSchema#String">INCH</data:R92691343776>
	</data:R57208341310>
	<data:R57208341310>
		<data:startDateTime rdf:datatype="http://www.w3.org/2001/XMLSchema#datetime">2/1/2010 8:19:55 PM</data:startDateTime>
		<data:R23810118927 rdf:resource="http://www.example.com/data#id__1-AB-L-001" />
		<data:R13477943711 rdf:datatype="http://www.w3.org/2001/XMLSchema#String">
		</data:R13477943711>
		<data:R92691343776 rdf:datatype="http://www.w3.org/2001/XMLSchema#String">
		</data:R92691343776>
	</data:R57208341310>
	<data1:classification>
		<data1:class rdf:resource="http://rdl.rdlfacade.org/data#R19192462550" />
		<data1:instance rdf:resource="http://www.example.com/data#id__1-AB-L-004" />
		<data:startDateTime rdf:datatype="http://www.w3.org/2001/XMLSchema#datetime">2/1/2010 8:19:55 PM</data:startDateTime>
	</data1:classification>
	<data:R31178164691>
		<data:startDateTime rdf:datatype="http://www.w3.org/2001/XMLSchema#datetime">2/1/2010 8:02:55 PM</data:startDateTime>
		<data:R47421421239 rdf:resource="http://www.example.com/data#R44063296490__" />
		<data:R17963188524 rdf:datatype="http://www.w3.org/2001/XMLSchema#String">AB</data:R17963188524>
		<data:R43718740838 rdf:datatype="http://www.w3.org/2001/XMLSchema#String">
		</data:R43718740838>
		<data:endDateTime rdf:datatype="http://www.w3.org/2001/XMLSchema#datetime">2/1/2010 8:19:51 PM</data:endDateTime>
	</data:R31178164691>
	<data:R31178164691>
		<data:startDateTime rdf:datatype="http://www.w3.org/2001/XMLSchema#datetime">2/1/2010 8:19:55 PM</data:startDateTime>
		<data:R47421421239 rdf:resource="http://www.example.com/data#R44063296490__" />
		<data:R17963188524 rdf:datatype="http://www.w3.org/2001/XMLSchema#String">
		</data:R17963188524>
	</data:R31178164691>
	<data:R31178164691>
		<data:startDateTime rdf:datatype="http://www.w3.org/2001/XMLSchema#datetime">2/1/2010 8:02:55 PM</data:startDateTime>
		<data:R47421421239 rdf:resource="http://www.example.com/data#id__1-AB-L-002" />
		<data:R17963188524 rdf:datatype="http://www.w3.org/2001/XMLSchema#String">1-AB-L-002</data:R17963188524>
		<data:R43718740838 rdf:datatype="http://www.w3.org/2001/XMLSchema#String">
		</data:R43718740838>
		<data:endDateTime rdf:datatype="http://www.w3.org/2001/XMLSchema#datetime">2/1/2010 8:19:55 PM</data:endDateTime>
	</data:R31178164691>
	<data:R31178164691>
		<data:startDateTime rdf:datatype="http://www.w3.org/2001/XMLSchema#datetime">2/1/2010 8:19:55 PM</data:startDateTime>
		<data:R47421421239 rdf:resource="http://www.example.com/data#R44063296490__" />
		<data:R17963188524 rdf:datatype="http://www.w3.org/2001/XMLSchema#String">AB</data:R17963188524>
		<data:R43718740838 rdf:datatype="http://www.w3.org/2001/XMLSchema#String">
		</data:R43718740838>
		<data:endDateTime rdf:datatype="http://www.w3.org/2001/XMLSchema#datetime">2/1/2010 8:19:55 PM</data:endDateTime>
	</data:R31178164691>
	<data1:classification>
		<data1:class rdf:resource="http://rdl.rdlfacade.org/data#R19192462550" />
		<data1:instance rdf:resource="http://www.example.com/data#id__1-AB-L-003" />
		<data:startDateTime rdf:datatype="http://www.w3.org/2001/XMLSchema#datetime">2/1/2010 8:19:55 PM</data:startDateTime>
	</data1:classification>
	<data:R31178164691>
		<data:startDateTime rdf:datatype="http://www.w3.org/2001/XMLSchema#datetime">2/1/2010 8:19:51 PM</data:startDateTime>
		<data:R47421421239 rdf:resource="http://www.example.com/data#R44063296490__" />
		<data:R17963188524 rdf:datatype="http://www.w3.org/2001/XMLSchema#String">
		</data:R17963188524>
	</data:R31178164691>
	<data:R31178164691>
		<data:R47421421239 rdf:resource="http://www.example.com/data#id__1-AB-L-001" />
	</data:R31178164691>
	<data1:classification>
		<data1:class rdf:resource="http://rdl.rdlfacade.org/data#R19192462550" />
		<data1:instance rdf:resource="http://www.example.com/data#id__1-AB-L-002" />
		<data:startDateTime rdf:datatype="http://www.w3.org/2001/XMLSchema#datetime">2/1/2010 8:02:55 PM</data:startDateTime>
	</data1:classification>
	<data:R57208341310>
		<data:startDateTime rdf:datatype="http://www.w3.org/2001/XMLSchema#datetime">2/1/2010 8:19:55 PM</data:startDateTime>
		<data:R23810118927 rdf:resource="http://www.example.com/data#id__1-AB-L-003" />
		<data:R13477943711 rdf:datatype="http://www.w3.org/2001/XMLSchema#String">3</data:R13477943711>
		<data:R92691343776 rdf:datatype="http://www.w3.org/2001/XMLSchema#String">INCH</data:R92691343776>
	</data:R57208341310>
	<data:R71176773051>
		<data:startDateTime rdf:datatype="http://www.w3.org/2001/XMLSchema#datetime">2/1/2010 8:19:55 PM</data:startDateTime>
		<data:R75634602440 rdf:resource="http://www.example.com/data#id__1-AB-L-004" />
		<data:R99059253864 rdf:resource="http://www.example.com/data#R44063296490__" />
	</data:R71176773051>
	<data:R31178164691>
		<data:startDateTime rdf:datatype="http://www.w3.org/2001/XMLSchema#datetime">2/1/2010 8:02:55 PM</data:startDateTime>
		<data:R47421421239 rdf:resource="http://www.example.com/data#id__1-AB-L-001" />
		<data:R17963188524 rdf:datatype="http://www.w3.org/2001/XMLSchema#String">1-AB-L-001</data:R17963188524>
		<data:R43718740838 rdf:datatype="http://www.w3.org/2001/XMLSchema#String">
		</data:R43718740838>
		<data:endDateTime rdf:datatype="http://www.w3.org/2001/XMLSchema#datetime">2/1/2010 8:19:49 PM</data:endDateTime>
	</data:R31178164691>
	<data:R71176773051>
		<data:startDateTime rdf:datatype="http://www.w3.org/2001/XMLSchema#datetime">2/1/2010 8:19:55 PM</data:startDateTime>
		<data:R75634602440 rdf:resource="http://www.example.com/data#id__1-AB-L-003" />
		<data:R99059253864 rdf:resource="http://www.example.com/data#R44063296490__" />
	</data:R71176773051>
	<data:R71176773051>
		<data:startDateTime rdf:datatype="http://www.w3.org/2001/XMLSchema#datetime">2/1/2010 8:02:55 PM</data:startDateTime>
		<data:R75634602440 rdf:resource="http://www.example.com/data#id__1-AB-L-002" />
		<data:R99059253864 rdf:resource="http://www.example.com/data#R44063296490__" />
	</data:R71176773051>
	<data1:classification>
		<data1:class rdf:resource="http://rdl.rdlfacade.org/data#R19192462550" />
		<data1:instance rdf:resource="http://www.example.com/data#id__1-AB-L-001" />
		<data:startDateTime rdf:datatype="http://www.w3.org/2001/XMLSchema#datetime">2/1/2010 7:39:34 PM</data:startDateTime>
	</data1:classification>
	<data1:classification>
		<data1:class rdf:resource="http://rdl.rdlfacade.org/data#R44063296490" />
		<data1:instance rdf:resource="http://www.example.com/data#R44063296490__" />
		<data:startDateTime rdf:datatype="http://www.w3.org/2001/XMLSchema#datetime">2/1/2010 8:02:55 PM</data:startDateTime>
	</data1:classification>
	<data:R57208341310>
		<data:startDateTime rdf:datatype="http://www.w3.org/2001/XMLSchema#datetime">2/1/2010 8:19:55 PM</data:startDateTime>
		<data:R23810118927 rdf:resource="http://www.example.com/data#id__1-AB-L-002" />
		<data:R13477943711 rdf:datatype="http://www.w3.org/2001/XMLSchema#String">2</data:R13477943711>
		<data:R92691343776 rdf:datatype="http://www.w3.org/2001/XMLSchema#String">INCH</data:R92691343776>
	</data:R57208341310>
	<data:R31178164691>
		<data:R47421421239 rdf:resource="http://www.example.com/data#id__1-AB-L-001" />
	</data:R31178164691>
	<data:R57208341310>
		<data:startDateTime rdf:datatype="http://www.w3.org/2001/XMLSchema#datetime">2/1/2010 8:02:55 PM</data:startDateTime>
		<data:R23810118927 rdf:resource="http://www.example.com/data#id__1-AB-L-001" />
		<data:R13477943711 rdf:datatype="http://www.w3.org/2001/XMLSchema#String">1</data:R13477943711>
		<data:R92691343776 rdf:datatype="http://www.w3.org/2001/XMLSchema#String">INCH</data:R92691343776>
		<data:endDateTime rdf:datatype="http://www.w3.org/2001/XMLSchema#datetime">2/1/2010 8:19:54 PM</data:endDateTime>
	</data:R57208341310>
	<data:R31178164691>
		<data:R47421421239 rdf:resource="http://www.example.com/data#id__1-AB-L-001" />
	</data:R31178164691>
	<data:R31178164691>
		<data:startDateTime rdf:datatype="http://www.w3.org/2001/XMLSchema#datetime">2/1/2010 8:19:55 PM</data:startDateTime>
		<data:R47421421239 rdf:resource="http://www.example.com/data#id__1-AB-L-002" />
		<data:R17963188524 rdf:datatype="http://www.w3.org/2001/XMLSchema#String">
		</data:R17963188524>
	</data:R31178164691>
	<data:R31178164691>
		<data:startDateTime rdf:datatype="http://www.w3.org/2001/XMLSchema#datetime">2/1/2010 8:19:55 PM</data:startDateTime>
		<data:R47421421239 rdf:resource="http://www.example.com/data#id__1-AB-L-004" />
		<data:R17963188524 rdf:datatype="http://www.w3.org/2001/XMLSchema#String">1-AB-L-004</data:R17963188524>
		<data:R43718740838 rdf:datatype="http://www.w3.org/2001/XMLSchema#String">
		</data:R43718740838>
	</data:R31178164691>
	<data:R31178164691>
		<data:R47421421239 rdf:resource="http://www.example.com/data#id__1-AB-L-001" />
	</data:R31178164691>
	<data:R31178164691>
		<data:startDateTime rdf:datatype="http://www.w3.org/2001/XMLSchema#datetime">2/1/2010 8:19:49 PM</data:startDateTime>
		<data:R47421421239 rdf:resource="http://www.example.com/data#id__1-AB-L-001" />
		<data:R17963188524 rdf:datatype="http://www.w3.org/2001/XMLSchema#String">
		</data:R17963188524>
	</data:R31178164691>
	<data:R31178164691>
		<data:startDateTime rdf:datatype="http://www.w3.org/2001/XMLSchema#datetime">2/1/2010 8:19:55 PM</data:startDateTime>
		<data:R47421421239 rdf:resource="http://www.example.com/data#R44063296490__" />
		<data:R17963188524 rdf:datatype="http://www.w3.org/2001/XMLSchema#String">AB</data:R17963188524>
		<data:R43718740838 rdf:datatype="http://www.w3.org/2001/XMLSchema#String">
		</data:R43718740838>
	</data:R31178164691>
	<data:R31178164691>
		<data:R47421421239 rdf:resource="http://www.example.com/data#id__1-AB-L-001" />
	</data:R31178164691>
	<data:R31178164691>
		<data:startDateTime rdf:datatype="http://www.w3.org/2001/XMLSchema#datetime">2/1/2010 8:19:55 PM</data:startDateTime>
		<data:R47421421239 rdf:resource="http://www.example.com/data#id__1-AB-L-003" />
		<data:R17963188524 rdf:datatype="http://www.w3.org/2001/XMLSchema#String">1-AB-L-003</data:R17963188524>
		<data:R43718740838 rdf:datatype="http://www.w3.org/2001/XMLSchema#String">
		</data:R43718740838>
	</data:R31178164691>
	<data:R71176773051>
		<data:startDateTime rdf:datatype="http://www.w3.org/2001/XMLSchema#datetime">2/1/2010 8:02:55 PM</data:startDateTime>
		<data:R75634602440 rdf:resource="http://www.example.com/data#id__1-AB-L-001" />
		<data:R99059253864 rdf:resource="http://www.example.com/data#R44063296490__" />
	</data:R71176773051>
</rdf:RDF>