<DataDictionary xmlns="http://ns.iringtools.org/library" xmlns:i="http://www.w3.org/2001/XMLSchema-instance"><dataObjects><DataObject><dataProperties><DataProperty><dataLength i:nil="true"/><dataType>String</dataType><isPropertyKey>true</isPropertyKey><isRequired>true</isRequired><propertyName>tag</propertyName></DataProperty><DataProperty><dataLength i:nil="true"/><dataType>Double</dataType><isPropertyKey>false</isPropertyKey><isRequired>false</isRequired><propertyName>diameter</propertyName></DataProperty><DataProperty><dataLength i:nil="true"/><dataType>String</dataType><isPropertyKey>false</isPropertyKey><isRequired>false</isRequired><propertyName>uomDiameter</propertyName></DataProperty><DataProperty><dataLength i:nil="true"/><dataType>String</dataType><isPropertyKey>false</isPropertyKey><isRequired>false</isRequired><propertyName>system</propertyName></DataProperty></dataProperties><dataRelationships i:nil="true"/><objectName>Line</objectName><objectNamespace>org.iringtools.adapter.proj_12345_000.DEF</objectNamespace></DataObject></dataObjects></DataDictionary>