<?xml version="1.0" encoding="utf-8"?><Mapping xmlns:xsi="http://www.w3.org/2001/XMLSchema-instance" xmlns:xsd="http://www.w3.org/2001/XMLSchema"><GraphMaps><GraphMap name="Valves" classId="rdl:R97295617945" identifier="tag"><TemplateMaps><TemplateMap type="Property" templateId="tpl:R31178164691" name="ClassifiedIdentification" classRole="tpl:R47421421239"><RoleMaps><RoleMap roleId="tpl:R17963188524" name="identifier" propertyName="tag"/><RoleMap roleId="tpl:R43718740838" name="identificationType" value="rdl:R92093626759" valueList=""/></RoleMaps></TemplateMap><TemplateMap type="Relationship" templateId="tpl:R71176773051" name="ClientSystemAssembly" classRole="tpl:R75634602440"><RoleMaps><RoleMap roleId="tpl:R99059253864" name="whole"><ClassMap name="CLIENT_SYSTEM" classId="rdl:R44063296490" identifier="system"><TemplateMaps><TemplateMap type="Property" templateId="tpl:R31178164691" name="ClassifiedIdentification" classRole="tpl:R47421421239"><RoleMaps><RoleMap roleId="tpl:R17963188524" name="identifier" propertyName="system"/><RoleMap roleId="tpl:R43718740838" name="identificationType" value="rdl:R50548021125" valueList=""/></RoleMaps></TemplateMap></TemplateMaps></ClassMap></RoleMap></RoleMaps></TemplateMap><TemplateMap type="Relationship" templateId="tpl:R54388623962" name="ClientFunctionalUnitAssembly" classRole="tpl:R75634602440"><RoleMaps><RoleMap roleId="tpl:R99059253864" name="whole"><ClassMap name="CLIENT_FUNCTIONAL_UNIT" classId="rdl:R69808428610" identifier="unit"><TemplateMaps><TemplateMap type="Property" templateId="tpl:R31178164691" name="ClassifiedIdentification" classRole="tpl:R47421421239"><RoleMaps><RoleMap roleId="tpl:R17963188524" name="identifier" propertyName="unit"/><RoleMap roleId="tpl:R43718740838" name="identificationType" value="rdl:R82607969326" valueList=""/></RoleMaps></TemplateMap></TemplateMaps></ClassMap></RoleMap></RoleMaps></TemplateMap><TemplateMap type="Property" templateId="tpl:R31178164691" name="ClassifiedIdentification" classRole="tpl:R47421421239"><RoleMaps><RoleMap roleId="tpl:R17963188524" name="identifier" propertyName="componentType"/><RoleMap roleId="tpl:R43718740838" name="identificationType" value="rdl:R99386812445" valueList=""/></RoleMaps></TemplateMap><TemplateMap type="Property" templateId="tpl:R57208341310" name="NominalDiameter" classRole="tpl:R23810118927"><RoleMaps><RoleMap roleId="tpl:R13477943711" name="value" propertyName="diameter"/><RoleMap roleId="tpl:R92691343776" name="scale" propertyName="uomDiameter"/></RoleMaps></TemplateMap><TemplateMap type="Relationship" templateId="tpl:R58380607707" name="PAndIDRepresentation" classRole="tpl:R13051100146"><RoleMaps><RoleMap roleId="tpl:R92692732586" name="representation"><ClassMap name="P_AND_I_DIAGRAM" classId="rdl:R99486931975" identifier="pid"><TemplateMaps><TemplateMap type="Property" templateId="tpl:R31178164691" name="ClassifiedIdentification" classRole="tpl:R47421421239"><RoleMaps><RoleMap roleId="tpl:R17963188524" name="identifier" propertyName="pid"/><RoleMap roleId="tpl:R43718740838" name="identificationType" value="rdl:R16893283050" valueList=""/></RoleMaps></TemplateMap></TemplateMaps></ClassMap></RoleMap></RoleMaps></TemplateMap><TemplateMap type="Relationship" templateId="tpl:R81737392886" name="ProjectAssembly" classRole="tpl:R75634602440"><RoleMaps><RoleMap roleId="tpl:R99059253864" name="whole"><ClassMap name="PROJECT" classId="rdl:R51988624155" identifier="projectNumber"><TemplateMaps><TemplateMap type="Property" templateId="tpl:R31178164691" name="ClassifiedIdentification" classRole="tpl:R47421421239"><RoleMaps><RoleMap roleId="tpl:R17963188524" name="identifier" propertyName="projectNumber"/><RoleMap roleId="tpl:R43718740838" name="identificationType" value="rdl:R72529367339" valueList=""/></RoleMaps></TemplateMap></TemplateMaps></ClassMap></RoleMap></RoleMaps></TemplateMap></TemplateMaps><DataObjectMaps><DataObjectMap name="InLinePipingComponent"/></DataObjectMaps></GraphMap><GraphMap name="Lines" classId="rdl:R19192462550" identifier="tag"><TemplateMaps><TemplateMap type="Property" templateId="tpl:R31178164691" name="ClassifiedIdentification" classRole="tpl:R47421421239"><RoleMaps><RoleMap roleId="tpl:R17963188524" name="identifier" propertyName="tag"/><RoleMap roleId="tpl:R43718740838" name="identificationType" value="rdl:R92093626759" valueList=""/></RoleMaps></TemplateMap><TemplateMap type="Relationship" templateId="tpl:R71176773051" name="ClientSystemAssembly" classRole="tpl:R75634602440"><RoleMaps><RoleMap roleId="tpl:R99059253864" name="whole"><ClassMap name="CLIENT_SYSTEM" classId="rdl:R44063296490" identifier="system"><TemplateMaps><TemplateMap type="Property" templateId="tpl:R31178164691" name="ClassifiedIdentification" classRole="tpl:R47421421239"><RoleMaps><RoleMap roleId="tpl:R17963188524" name="identifier" propertyName="system"/><RoleMap roleId="tpl:R43718740838" name="identificationType" value="rdl:R50548021125" valueList=""/></RoleMaps></TemplateMap></TemplateMaps></ClassMap></RoleMap></RoleMaps></TemplateMap><TemplateMap type="Property" templateId="tpl:R57208341310" name="NominalDiameter" classRole="tpl:R23810118927"><RoleMaps><RoleMap roleId="tpl:R13477943711" name="value" propertyName="diameter"/><RoleMap roleId="tpl:R92691343776" name="scale" propertyName="uomDiameter"/></RoleMaps></TemplateMap></TemplateMaps><DataObjectMaps><DataObjectMap name="Line"/></DataObjectMaps></GraphMap></GraphMaps><ValueMaps/></Mapping>