﻿<configuration>
  <hibernate-configuration xmlns="urn:nhibernate-configuration-2.2">
    <session-factory>
      <property name="connection.provider">NHibernate.Connection.DriverConnectionProvider</property>
      <property name="connection.driver_class">NHibernate.Driver.OracleClientDriver</property>
      <property name="connection.connection_string">Persist Security Info=True;Data Source=LABINTT1;User ID=EM;Password=em</property>
      <property name="proxyfactory.factory_class">NHibernate.ByteCode.Castle.ProxyFactoryFactory, NHibernate.ByteCode.Castle</property>
      <property name="dialect">NHibernate.Dialect.Oracle10gDialect</property>
      <property name="show_sql">false</property>
    </session-factory>
  </hibernate-configuration>
</configuration>