﻿<hibernate-mapping default-lazy="true" xmlns="urn:nhibernate-mapping-2.2">
  <class name="org.iringtools.adapter.proj_12345_000.ABC.Line, AdapterService" table="Line">
    <id name="Id" column="tag">
      <generator class="assigned" />
    </id>
    <property name="tag" column="tag" update="false" insert="false" />
    <property name="diameter" column="diameter" />
    <property name="uomDiameter" column="uomDiameter" />
    <property name="system" column="system" />
  </class>
  <class name="org.iringtools.adapter.proj_12345_000.ABC.InLinePipingComponent, AdapterService" table="InLinePipingComponent">
    <id name="Id" column="tag">
      <generator class="assigned" />
    </id>
    <property name="tag" column="tag" update="false" insert="false" />
    <property name="componentType" column="componentType" />
    <property name="diameter" column="diameter" />
    <property name="uomDiameter" column="uomDiameter" />
    <property name="rating" column="rating" />
    <property name="system" column="system" />
    <property name="unit" column="unit" />
    <property name="projectNumber" column="projectNumber" />
    <property name="pid" column="pid" />
    <property name="lineTag" column="lineTag" />
    <property name="quantity" column="quantity" />
  </class>
  <class name="org.iringtools.adapter.proj_12345_000.ABC.KOPot, AdapterService" table="KOPot">
    <id name="Id" column="tag">
      <generator class="assigned" />
    </id>
    <property name="tag" column="tag" update="false" insert="false" />
    <property name="description" column="description" />
  </class>
  <class name="org.iringtools.adapter.proj_12345_000.ABC.VacuumTower, AdapterService" table="VacuumTower">
    <id name="Id" column="tag">
      <generator class="assigned" />
    </id>
    <property name="tag" column="tag" update="false" insert="false" />
    <property name="description" column="description" />
  </class>
</hibernate-mapping>