<ArrayOfScopeProject xmlns="http://schemas.datacontract.org/2004/07/org.iringtools.library" xmlns:i="http://www.w3.org/2001/XMLSchema-instance">
  <ScopeProject>
    <Name>12345_000</Name>
    <Description>Test Project</Description>
    <Applications>
      <ScopeApplication>
        <Name>ABC</Name>
        <Description>Application ABC</Description>
      </ScopeApplication>
      <ScopeApplication>
        <Name>DEF</Name>
        <Description>Application DEF</Description>
      </ScopeApplication>
    </Applications>
  </ScopeProject>
</ArrayOfScopeProject>