<dataDictionary xmlns="http://www.iringtools.org/library" xmlns:i="http://www.w3.org/2001/XMLSchema-instance">
  <dataObjects>

    <dataObject>
      <tableName>/contacts</tableName>
      <objectName>contacts</objectName>
      <keyDelimeter>_</keyDelimeter>
      <keyProperties>
        <keyProperty>
          <keyPropertyName>EmailID</keyPropertyName>
        </keyProperty>
      </keyProperties>
      <dataProperties>
        <dataProperty>
          <columnName>hasEmployees</columnName>
          <propertyName>hasEmployees</propertyName>
          <dataType>Boolean</dataType>
          <dataLength>0</dataLength>
          <isNullable>true</isNullable>
          <keyType>unassigned</keyType>
        </dataProperty>
        <dataProperty>
          <columnName>DirectReportsUrl</columnName>
          <propertyName>DirectReportsUrl</propertyName>
          <dataType>String</dataType>
          <dataLength>0</dataLength>
          <isNullable>true</isNullable>
          <keyType>unassigned</keyType>
        </dataProperty>

        <dataProperty>
          <columnName>DisplayName</columnName>
          <propertyName>DisplayName</propertyName>
          <dataType>String</dataType>
          <dataLength>0</dataLength>
          <isNullable>true</isNullable>
          <keyType>unassigned</keyType>
        </dataProperty>

        <dataProperty>
          <columnName>EmailID</columnName>
          <propertyName>EmailID</propertyName>
          <dataType>String</dataType>
          <dataLength>0</dataLength>
          <isNullable>true</isNullable>
          <keyType>unassigned</keyType>
        </dataProperty>
        <dataProperty>
          <columnName>EmailAddress</columnName>
          <propertyName>EmailAddress</propertyName>
          <dataType>String</dataType>
          <dataLength>0</dataLength>
          <isNullable>true</isNullable>
          <keyType>unassigned</keyType>
        </dataProperty>
        <dataProperty>
          <columnName>FirstName</columnName>
          <propertyName>FirstName</propertyName>
          <dataType>String</dataType>
          <dataLength>0</dataLength>
          <isNullable>true</isNullable>
          <keyType>unassigned</keyType>
        </dataProperty>
        <dataProperty>
          <columnName>LastName</columnName>
          <propertyName>LastName</propertyName>
          <dataType>String</dataType>
          <dataLength>0</dataLength>
          <isNullable>true</isNullable>
          <keyType>unassigned</keyType>
        </dataProperty>
        <dataProperty>
          <columnName>Location</columnName>
          <propertyName>Location</propertyName>
          <dataType>String</dataType>
          <dataLength>0</dataLength>
          <isNullable>true</isNullable>
          <keyType>unassigned</keyType>
        </dataProperty>
        <dataProperty>
          <columnName>MailLocation</columnName>
          <propertyName>MailLocation</propertyName>
          <dataType>String</dataType>
          <dataLength>0</dataLength>
          <isNullable>true</isNullable>
          <keyType>unassigned</keyType>
        </dataProperty>
        <dataProperty>
          <columnName>MobileNumber</columnName>
          <propertyName>MobileNumber</propertyName>
          <dataType>String</dataType>
          <dataLength>0</dataLength>
          <isNullable>true</isNullable>
          <keyType>unassigned</keyType>
        </dataProperty>
        <dataProperty>
          <columnName>PhoneNumber</columnName>
          <propertyName>PhoneNumber</propertyName>
          <dataType>String</dataType>
          <dataLength>0</dataLength>
          <isNullable>true</isNullable>
          <keyType>unassigned</keyType>
        </dataProperty>

        <dataProperty>
          <columnName>Schedule</columnName>
          <propertyName>Schedule</propertyName>
          <dataType>String</dataType>
          <dataLength>0</dataLength>
          <isNullable>true</isNullable>
          <keyType>unassigned</keyType>
        </dataProperty>
        <dataProperty>
          <columnName>Status</columnName>
          <propertyName>Status</propertyName>
          <dataType>String</dataType>
          <dataLength>0</dataLength>
          <isNullable>true</isNullable>
          <keyType>unassigned</keyType>
        </dataProperty>
        <dataProperty>
          <columnName>SupervisorEmailId</columnName>
          <propertyName>SupervisorEmailId</propertyName>
          <dataType>String</dataType>
          <dataLength>0</dataLength>
          <isNullable>true</isNullable>
          <keyType>unassigned</keyType>
        </dataProperty>
        <dataProperty>
          <columnName>SupervisorName</columnName>
          <propertyName>SupervisorName</propertyName>
          <dataType>String</dataType>
          <dataLength>0</dataLength>
          <isNullable>true</isNullable>
          <keyType>unassigned</keyType>
        </dataProperty>
        <dataProperty>
          <columnName>SupervisorUrl</columnName>
          <propertyName>SupervisorUrl</propertyName>
          <dataType>String</dataType>
          <dataLength>0</dataLength>
          <isNullable>true</isNullable>
          <keyType>unassigned</keyType>
        </dataProperty>
        <dataProperty>
          <columnName>Title</columnName>
          <propertyName>Title</propertyName>
          <dataType>String</dataType>
          <dataLength>0</dataLength>
          <isNullable>true</isNullable>
          <keyType>unassigned</keyType>
        </dataProperty>
        <dataProperty>
          <columnName>Url</columnName>
          <propertyName>Url</propertyName>
          <dataType>String</dataType>
          <dataLength>0</dataLength>
          <isNullable>true</isNullable>
          <keyType>unassigned</keyType>
        </dataProperty>

      </dataProperties>

      <dataRelationships>
        <dataRelationship>
          <propertyMaps>
            <propertyMap>
              <dataPropertyName>EmailID</dataPropertyName>
              <relatedPropertyName>EmailID</relatedPropertyName>
            </propertyMap>
          </propertyMaps>
          <relatedObjectName>directReports</relatedObjectName>
          <relationshipName>directReports</relationshipName>
          <relationshipType>OneToMany</relationshipType>
        </dataRelationship>
      </dataRelationships>

    </dataObject>

    <dataObject>
      <tableName>/contacts/{EmailID}/directReports</tableName>
      <objectName>directReports</objectName>
      <keyDelimeter>_</keyDelimeter>
      <keyProperties>
        <keyProperty>
          <keyPropertyName>EmailID</keyPropertyName>
        </keyProperty>
      </keyProperties>
      <dataProperties>
        <dataProperty>
          <columnName>hasEmployees</columnName>
          <propertyName>hasEmployees</propertyName>
          <dataType>Boolean</dataType>
          <dataLength>0</dataLength>
          <isNullable>true</isNullable>
          <keyType>unassigned</keyType>
        </dataProperty>
        <dataProperty>
          <columnName>DirectReportsUrl</columnName>
          <propertyName>DirectReportsUrl</propertyName>
          <dataType>String</dataType>
          <dataLength>0</dataLength>
          <isNullable>true</isNullable>
          <keyType>unassigned</keyType>
        </dataProperty>

        <dataProperty>
          <columnName>DisplayName</columnName>
          <propertyName>DisplayName</propertyName>
          <dataType>String</dataType>
          <dataLength>0</dataLength>
          <isNullable>true</isNullable>
          <keyType>unassigned</keyType>
        </dataProperty>

        <dataProperty>
          <columnName>EmailID</columnName>
          <propertyName>EmailID</propertyName>
          <dataType>String</dataType>
          <dataLength>0</dataLength>
          <isNullable>true</isNullable>
          <keyType>unassigned</keyType>
        </dataProperty>
        <dataProperty>
          <columnName>EmailAddress</columnName>
          <propertyName>EmailAddress</propertyName>
          <dataType>String</dataType>
          <dataLength>0</dataLength>
          <isNullable>true</isNullable>
          <keyType>unassigned</keyType>
        </dataProperty>
        <dataProperty>
          <columnName>FirstName</columnName>
          <propertyName>FirstName</propertyName>
          <dataType>String</dataType>
          <dataLength>0</dataLength>
          <isNullable>true</isNullable>
          <keyType>unassigned</keyType>
        </dataProperty>
        <dataProperty>
          <columnName>LastName</columnName>
          <propertyName>LastName</propertyName>
          <dataType>String</dataType>
          <dataLength>0</dataLength>
          <isNullable>true</isNullable>
          <keyType>unassigned</keyType>
        </dataProperty>
        <dataProperty>
          <columnName>Location</columnName>
          <propertyName>Location</propertyName>
          <dataType>String</dataType>
          <dataLength>0</dataLength>
          <isNullable>true</isNullable>
          <keyType>unassigned</keyType>
        </dataProperty>
        <dataProperty>
          <columnName>MailLocation</columnName>
          <propertyName>MailLocation</propertyName>
          <dataType>String</dataType>
          <dataLength>0</dataLength>
          <isNullable>true</isNullable>
          <keyType>unassigned</keyType>
        </dataProperty>
        <dataProperty>
          <columnName>MobileNumber</columnName>
          <propertyName>MobileNumber</propertyName>
          <dataType>String</dataType>
          <dataLength>0</dataLength>
          <isNullable>true</isNullable>
          <keyType>unassigned</keyType>
        </dataProperty>
        <dataProperty>
          <columnName>PhoneNumber</columnName>
          <propertyName>PhoneNumber</propertyName>
          <dataType>String</dataType>
          <dataLength>0</dataLength>
          <isNullable>true</isNullable>
          <keyType>unassigned</keyType>
        </dataProperty>

        <dataProperty>
          <columnName>Schedule</columnName>
          <propertyName>Schedule</propertyName>
          <dataType>String</dataType>
          <dataLength>0</dataLength>
          <isNullable>true</isNullable>
          <keyType>unassigned</keyType>
        </dataProperty>
        <dataProperty>
          <columnName>Status</columnName>
          <propertyName>Status</propertyName>
          <dataType>String</dataType>
          <dataLength>0</dataLength>
          <isNullable>true</isNullable>
          <keyType>unassigned</keyType>
        </dataProperty>
        <dataProperty>
          <columnName>SupervisorEmailId</columnName>
          <propertyName>SupervisorEmailId</propertyName>
          <dataType>String</dataType>
          <dataLength>0</dataLength>
          <isNullable>true</isNullable>
          <keyType>unassigned</keyType>
        </dataProperty>
        <dataProperty>
          <columnName>SupervisorName</columnName>
          <propertyName>SupervisorName</propertyName>
          <dataType>String</dataType>
          <dataLength>0</dataLength>
          <isNullable>true</isNullable>
          <keyType>unassigned</keyType>
        </dataProperty>
        <dataProperty>
          <columnName>SupervisorUrl</columnName>
          <propertyName>SupervisorUrl</propertyName>
          <dataType>String</dataType>
          <dataLength>0</dataLength>
          <isNullable>true</isNullable>
          <keyType>unassigned</keyType>
        </dataProperty>
        <dataProperty>
          <columnName>Title</columnName>
          <propertyName>Title</propertyName>
          <dataType>String</dataType>
          <dataLength>0</dataLength>
          <isNullable>true</isNullable>
          <keyType>unassigned</keyType>
        </dataProperty>
        <dataProperty>
          <columnName>Url</columnName>
          <propertyName>Url</propertyName>
          <dataType>String</dataType>
          <dataLength>0</dataLength>
          <isNullable>true</isNullable>
          <keyType>unassigned</keyType>
        </dataProperty>

      </dataProperties>
      <dataRelationships/>
    </dataObject>
  
  </dataObjects>
  <picklists/>
  <enableSearch>false</enableSearch>
  <enableSummary>false</enableSummary>
  <dataVersion i:nil="true"/>
</dataDictionary>