﻿<?xml version="1.0" encoding="utf-8" ?>
<commodity>
  <name>PipeRun</name>
  <location>c:\iring-tools-demos\csvdatalayer\csvdatalayer\commodities\piperuns\</location>
  <attributesSequence>
    <attribute name="Tag" dataType="String"/>
    <attribute name="NominalDiameter" dataType="Double"/>
    <attribute name="Description" dataType="String"/>
    <attribute name="InsulType" dataType="String"/>
    <attribute name="InsulPurpose" dataType="String"/>
    <attribute name="InsulThick" dataType="String"/>
    <attribute name="OperFluidCode" dataType="String"/>
    <attribute name="PipingMaterialsClass" dataType="String"/>
  </attributesSequence>
</commodity>