﻿<?xml version="1.0" encoding="utf-8"?>
<DatabaseDictionary xmlns="http://ns.iringtools.org/library" xmlns:i="http://www.w3.org/2001/XMLSchema-instance">
  <connectionString>Persist Security Info=True;data source=.\SQLEXPRESS; Initial Catalog=Camelot_Test; User Id=camelot; Password=camelot</connectionString>
  <provider>MsSql2008</provider>
  <tables>
    <Table>
      <associations i:nil="true" />
      <columns>
        <Column>
          <columnName>Project_Number</columnName>
          <columnType>String</columnType>
          <propertyName>project_number</propertyName>
        </Column>
        <Column>
          <columnName>Sub_Project_Number</columnName>
          <columnType>String</columnType>
          <propertyName>sub_project_number</propertyName>
        </Column>
        <Column>
          <columnName>Project_Description</columnName>
          <columnType>String</columnType>
          <propertyName>project_description</propertyName>
        </Column>
        <Column>
          <columnName>Enterprise</columnName>
          <columnType>String</columnType>
          <propertyName>enterprise</propertyName>
        </Column>
        <Column>
          <columnName>Site</columnName>
          <columnType>String</columnType>
          <propertyName>site</propertyName>
        </Column>
        <Column>
          <columnName>Area</columnName>
          <columnType>String</columnType>
          <propertyName>area</propertyName>
        </Column>
        <Column>
          <columnName>Process_cell</columnName>
          <columnType>String</columnType>
          <propertyName>process_cell</propertyName>
        </Column>
        <Column>
          <columnName>Unit</columnName>
          <columnType>String</columnType>
          <propertyName>unit</propertyName>
        </Column>
        <Column>
          <columnName>Related_Equipment</columnName>
          <columnType>String</columnType>
          <propertyName>related_equipment</propertyName>
        </Column>
        <Column>
          <columnName>Service</columnName>
          <columnType>String</columnType>
          <propertyName>service</propertyName>
        </Column>
        <Column>
          <columnName>P_And_I_D_Number</columnName>
          <columnType>String</columnType>
          <propertyName>p_and_i_d_number</propertyName>
        </Column>
        <Column>
          <columnName>Device_Insertion_Length</columnName>
          <columnType>String</columnType>
          <propertyName>device_insertion_length</propertyName>
        </Column>
        <Column>
          <columnName>Device_Insertion_Length_Unit</columnName>
          <columnType>String</columnType>
          <propertyName>device_insertion_length_unit</propertyName>
        </Column>
        <Column>
          <columnName>Fluid_Name</columnName>
          <columnType>String</columnType>
          <propertyName>fluid_name</propertyName>
        </Column>
        <Column>
          <columnName>Fluid_State</columnName>
          <columnType>String</columnType>
          <propertyName>fluid_state</propertyName>
        </Column>
        <Column>
          <columnName>Pressure_Minimum</columnName>
          <columnType>String</columnType>
          <propertyName>pressure_minimum</propertyName>
        </Column>
        <Column>
          <columnName>Pressure_Maximum</columnName>
          <columnType>String</columnType>
          <propertyName>pressure_maximum</propertyName>
        </Column>
        <Column>
          <columnName>Pressure_OpeRating</columnName>
          <columnType>String</columnType>
          <propertyName>pressure_operating</propertyName>
        </Column>
        <Column>
          <columnName>Pressure_Design</columnName>
          <columnType>String</columnType>
          <propertyName>pressure_design</propertyName>
        </Column>
        <Column>
          <columnName>Pressure_Unit</columnName>
          <columnType>String</columnType>
          <propertyName>pressure_unit</propertyName>
        </Column>
        <Column>
          <columnName>Fluid_Critical_Pressure</columnName>
          <columnType>String</columnType>
          <propertyName>fluid_critical_pressure</propertyName>
        </Column>
        <Column>
          <columnName>Fluid_Critical_Pressure_Unit</columnName>
          <columnType>String</columnType>
          <propertyName>fluid_critical_pressure_unit</propertyName>
        </Column>
        <Column>
          <columnName>Temperature_Minimum</columnName>
          <columnType>String</columnType>
          <propertyName>temperature_minimum</propertyName>
        </Column>
        <Column>
          <columnName>Temperature_Maximum</columnName>
          <columnType>String</columnType>
          <propertyName>temperature_maximum</propertyName>
        </Column>
        <Column>
          <columnName>Temperature_OpeRating</columnName>
          <columnType>String</columnType>
          <propertyName>temperature_operating</propertyName>
        </Column>
        <Column>
          <columnName>Temperature_Design</columnName>
          <columnType>String</columnType>
          <propertyName>temperature_design</propertyName>
        </Column>
        <Column>
          <columnName>Temperature_Unit</columnName>
          <columnType>String</columnType>
          <propertyName>temperature_unit</propertyName>
        </Column>
        <Column>
          <columnName>Ambient_Temperature_Minimum</columnName>
          <columnType>String</columnType>
          <propertyName>ambient_temperature_minimum</propertyName>
        </Column>
        <Column>
          <columnName>Ambient_Temperature_Maximum</columnName>
          <columnType>String</columnType>
          <propertyName>ambient_temperature_maximum</propertyName>
        </Column>
        <Column>
          <columnName>Ambient_Temperature_OpeRating</columnName>
          <columnType>String</columnType>
          <propertyName>ambient_temperature_operating</propertyName>
        </Column>
        <Column>
          <columnName>Ambient_Temperature_Unit</columnName>
          <columnType>String</columnType>
          <propertyName>ambient_temperature_unit</propertyName>
        </Column>
        <Column>
          <columnName>Inlet_Pressure_Maximum</columnName>
          <columnType>String</columnType>
          <propertyName>inlet_pressure_maximum</propertyName>
        </Column>
        <Column>
          <columnName>Inlet_Pressure_Mininimum</columnName>
          <columnType>String</columnType>
          <propertyName>inlet_pressure_mininimum</propertyName>
        </Column>
        <Column>
          <columnName>Inlet_Pressure_OpeRating</columnName>
          <columnType>String</columnType>
          <propertyName>inlet_pressure_operating</propertyName>
        </Column>
        <Column>
          <columnName>Inlet_Pressure_Unit</columnName>
          <columnType>String</columnType>
          <propertyName>inlet_pressure_unit</propertyName>
        </Column>
        <Column>
          <columnName>Outlet_Pressure_Maximum</columnName>
          <columnType>String</columnType>
          <propertyName>outlet_pressure_maximum</propertyName>
        </Column>
        <Column>
          <columnName>Outlet_Pressure_Minimum</columnName>
          <columnType>String</columnType>
          <propertyName>outlet_pressure_minimum</propertyName>
        </Column>
        <Column>
          <columnName>Outlet_Pressure_OpeRating</columnName>
          <columnType>String</columnType>
          <propertyName>outlet_pressure_operating</propertyName>
        </Column>
        <Column>
          <columnName>Outlet_Pressure_Unit</columnName>
          <columnType>String</columnType>
          <propertyName>outlet_pressure_unit</propertyName>
        </Column>
        <Column>
          <columnName>Flow_Minimum</columnName>
          <columnType>String</columnType>
          <propertyName>flow_minimum</propertyName>
        </Column>
        <Column>
          <columnName>Flow_Maximum</columnName>
          <columnType>String</columnType>
          <propertyName>flow_maximum</propertyName>
        </Column>
        <Column>
          <columnName>Flow_OpeRating</columnName>
          <columnType>String</columnType>
          <propertyName>flow_operating</propertyName>
        </Column>
        <Column>
          <columnName>Flow_Design</columnName>
          <columnType>String</columnType>
          <propertyName>flow_design</propertyName>
        </Column>
        <Column>
          <columnName>Flow_Unit</columnName>
          <columnType>String</columnType>
          <propertyName>flow_unit</propertyName>
        </Column>
        <Column>
          <columnName>Fluid_Specific_Gravity_Minimum</columnName>
          <columnType>String</columnType>
          <propertyName>fluid_specific_gravity_minimum</propertyName>
        </Column>
        <Column>
          <columnName>Fluid_specific_Gravity_Maximum</columnName>
          <columnType>String</columnType>
          <propertyName>fluid_specific_gravity_maximum</propertyName>
        </Column>
        <Column>
          <columnName>Fluid_specific_Gravity</columnName>
          <columnType>String</columnType>
          <propertyName>fluid_specific_gravity</propertyName>
        </Column>
        <Column>
          <columnName>Fluid_Viscosity</columnName>
          <columnType>String</columnType>
          <propertyName>fluid_viscosity</propertyName>
        </Column>
        <Column>
          <columnName>Fluid_Viscosity_Unit</columnName>
          <columnType>String</columnType>
          <propertyName>fluid_viscosity_unit</propertyName>
        </Column>
        <Column>
          <columnName>Conductivity</columnName>
          <columnType>String</columnType>
          <propertyName>conductivity</propertyName>
        </Column>
        <Column>
          <columnName>Conductivity_Unit</columnName>
          <columnType>String</columnType>
          <propertyName>conductivity_unit</propertyName>
        </Column>
        <Column>
          <columnName>Vaccum_Possibility</columnName>
          <columnType>String</columnType>
          <propertyName>vaccum_possibility</propertyName>
        </Column>
        <Column>
          <columnName>Maximum_Velocity</columnName>
          <columnType>String</columnType>
          <propertyName>maximum_velocity</propertyName>
        </Column>
        <Column>
          <columnName>Velocity_Unit</columnName>
          <columnType>String</columnType>
          <propertyName>velocity_unit</propertyName>
        </Column>
        <Column>
          <columnName>Density</columnName>
          <columnType>String</columnType>
          <propertyName>density</propertyName>
        </Column>
        <Column>
          <columnName>Density_Unit</columnName>
          <columnType>String</columnType>
          <propertyName>density_unit</propertyName>
        </Column>
        <Column>
          <columnName>OpeRating_Liquid_Vapour_Pressure</columnName>
          <columnType>String</columnType>
          <propertyName>operating_liquid_vapour_pressure</propertyName>
        </Column>
        <Column>
          <columnName>Vapour_Pressure_Unit</columnName>
          <columnType>String</columnType>
          <propertyName>vapour_pressure_unit</propertyName>
        </Column>
        <Column>
          <columnName>OpeRating_Compressability</columnName>
          <columnType>String</columnType>
          <propertyName>operating_compressability</propertyName>
        </Column>
        <Column>
          <columnName>Fluid_Phase_Foaming</columnName>
          <columnType>String</columnType>
          <propertyName>fluid_phase_foaming</propertyName>
        </Column>
        <Column>
          <columnName>Bidirectional_Flow</columnName>
          <columnType>String</columnType>
          <propertyName>bidirectional_flow</propertyName>
        </Column>
        <Column>
          <columnName>Entrained_Gas_Percent_By_Volume</columnName>
          <columnType>String</columnType>
          <propertyName>entrained_gas_percent_by_volume</propertyName>
        </Column>
        <Column>
          <columnName>Corrosive_Abrasive_Property</columnName>
          <columnType>String</columnType>
          <propertyName>corrosive_abrasive_property</propertyName>
        </Column>
        <Column>
          <columnName>BuildUp_Tendency</columnName>
          <columnType>String</columnType>
          <propertyName>buildup_tendency</propertyName>
        </Column>
        <Column>
          <columnName>Vapor</columnName>
          <columnType>String</columnType>
          <propertyName>vapor</propertyName>
        </Column>
        <Column>
          <columnName>Foam</columnName>
          <columnType>String</columnType>
          <propertyName>foam</propertyName>
        </Column>
        <Column>
          <columnName>Condensation</columnName>
          <columnType>String</columnType>
          <propertyName>condensation</propertyName>
        </Column>
        <Column>
          <columnName>Turbulence</columnName>
          <columnType>String</columnType>
          <propertyName>turbulence</propertyName>
        </Column>
        <Column>
          <columnName>Phase</columnName>
          <columnType>String</columnType>
          <propertyName>phase</propertyName>
        </Column>
        <Column>
          <columnName>Dielectric_Constant</columnName>
          <columnType>String</columnType>
          <propertyName>dielectric_constant</propertyName>
        </Column>
        <Column>
          <columnName>Product_Viscosity</columnName>
          <columnType>String</columnType>
          <propertyName>product_viscosity</propertyName>
        </Column>
        <Column>
          <columnName>Product_Viscosity_Unit</columnName>
          <columnType>String</columnType>
          <propertyName>product_viscosity_unit</propertyName>
        </Column>
        <Column>
          <columnName>Upper_Product_Thickness</columnName>
          <columnType>String</columnType>
          <propertyName>upper_product_thickness</propertyName>
        </Column>
        <Column>
          <columnName>Upper_Product_Thickness_Unit</columnName>
          <columnType>String</columnType>
          <propertyName>upper_product_thickness_unit</propertyName>
        </Column>
        <Column>
          <columnName>Vapor_Dielectric</columnName>
          <columnType>String</columnType>
          <propertyName>vapor_dielectric</propertyName>
        </Column>
        <Column>
          <columnName>Surface_Conditions</columnName>
          <columnType>String</columnType>
          <propertyName>surface_conditions</propertyName>
        </Column>
        <Column>
          <columnName>Coating_Potential</columnName>
          <columnType>String</columnType>
          <propertyName>coating_potential</propertyName>
        </Column>
        <Column>
          <columnName>Foam_Type</columnName>
          <columnType>String</columnType>
          <propertyName>foam_type</propertyName>
        </Column>
        <Column>
          <columnName>Foam_Presence</columnName>
          <columnType>String</columnType>
          <propertyName>foam_presence</propertyName>
        </Column>
        <Column>
          <columnName>Foam_Thickness</columnName>
          <columnType>String</columnType>
          <propertyName>foam_thickness</propertyName>
        </Column>
        <Column>
          <columnName>Foam_Thickness_Unit</columnName>
          <columnType>String</columnType>
          <propertyName>foam_thickness_unit</propertyName>
        </Column>
        <Column>
          <columnName>Surface_To_Measure</columnName>
          <columnType>String</columnType>
          <propertyName>surface_to_measure</propertyName>
        </Column>
        <Column>
          <columnName>Emulsion_Layer</columnName>
          <columnType>String</columnType>
          <propertyName>emulsion_layer</propertyName>
        </Column>
        <Column>
          <columnName>Emulsion_Thickness</columnName>
          <columnType>String</columnType>
          <propertyName>emulsion_thickness</propertyName>
        </Column>
        <Column>
          <columnName>Emulsion_Thickness_Unit</columnName>
          <columnType>String</columnType>
          <propertyName>emulsion_thickness_unit</propertyName>
        </Column>
        <Column>
          <columnName>Condensing_Vapors</columnName>
          <columnType>String</columnType>
          <propertyName>condensing_vapors</propertyName>
        </Column>
        <Column>
          <columnName>Crystallizing_Liquids</columnName>
          <columnType>String</columnType>
          <propertyName>crystallizing_liquids</propertyName>
        </Column>
        <Column>
          <columnName>Dust_Present</columnName>
          <columnType>String</columnType>
          <propertyName>dust_present</propertyName>
        </Column>
        <Column>
          <columnName>Abrasive_Media</columnName>
          <columnType>String</columnType>
          <propertyName>abrasive_media</propertyName>
        </Column>
        <Column>
          <columnName>Particle_Description</columnName>
          <columnType>String</columnType>
          <propertyName>particle_description</propertyName>
        </Column>
        <Column>
          <columnName>Material_Buildup</columnName>
          <columnType>String</columnType>
          <propertyName>material_buildup</propertyName>
        </Column>
        <Column>
          <columnName>Pulsating_Flow</columnName>
          <columnType>String</columnType>
          <propertyName>pulsating_flow</propertyName>
        </Column>
        <Column>
          <columnName>Vibration_At_Sensor_Location</columnName>
          <columnType>String</columnType>
          <propertyName>vibration_at_sensor_location</propertyName>
        </Column>
        <Column>
          <columnName>Atmospheric_Pressure</columnName>
          <columnType>String</columnType>
          <propertyName>atmospheric_pressure</propertyName>
        </Column>
        <Column>
          <columnName>Atmospheric_Pressure_Unit</columnName>
          <columnType>String</columnType>
          <propertyName>atmospheric_pressure_unit</propertyName>
        </Column>
        <Column>
          <columnName>Base_Pressure</columnName>
          <columnType>String</columnType>
          <propertyName>base_pressure</propertyName>
        </Column>
        <Column>
          <columnName>Base_Pressure_Unit</columnName>
          <columnType>String</columnType>
          <propertyName>base_pressure_unit</propertyName>
        </Column>
        <Column>
          <columnName>Base_Temperature</columnName>
          <columnType>String</columnType>
          <propertyName>base_temperature</propertyName>
        </Column>
        <Column>
          <columnName>Base_Temperature_Unit</columnName>
          <columnType>String</columnType>
          <propertyName>base_temperature_unit</propertyName>
        </Column>
        <Column>
          <columnName>Base_Density</columnName>
          <columnType>String</columnType>
          <propertyName>base_density</propertyName>
        </Column>
        <Column>
          <columnName>Base_Density_Unit</columnName>
          <columnType>String</columnType>
          <propertyName>base_density_unit</propertyName>
        </Column>
        <Column>
          <columnName>K_Value</columnName>
          <columnType>String</columnType>
          <propertyName>k_value</propertyName>
        </Column>
        <Column>
          <columnName>n_Value</columnName>
          <columnType>String</columnType>
          <propertyName>n_value</propertyName>
        </Column>
        <Column>
          <columnName>Differential_Pressure_Unit</columnName>
          <columnType>String</columnType>
          <propertyName>differential_pressure_unit</propertyName>
        </Column>
        <Column>
          <columnName>Differential_Pressure_Minimum</columnName>
          <columnType>String</columnType>
          <propertyName>differential_pressure_minimum</propertyName>
        </Column>
        <Column>
          <columnName>Differential_Pressure_Normal</columnName>
          <columnType>String</columnType>
          <propertyName>differential_pressure_normal</propertyName>
        </Column>
        <Column>
          <columnName>Preferred_Differential_Pressure</columnName>
          <columnType>String</columnType>
          <propertyName>preferred_differential_pressure</propertyName>
        </Column>
        <Column>
          <columnName>Preferred_Differential_Pressure_Unit</columnName>
          <columnType>String</columnType>
          <propertyName>preferred_differential_pressure_unit</propertyName>
        </Column>
        <Column>
          <columnName>High_Pressure_Side_Temperatute_Ambient_Last_Zero_Adjust</columnName>
          <columnType>String</columnType>
          <propertyName>high_pressure_side_temperatute_ambient_last_zero_adjust</propertyName>
        </Column>
        <Column>
          <columnName>High_Pressure_Side_Temperatute_Ambient_Maximum</columnName>
          <columnType>String</columnType>
          <propertyName>high_pressure_side_temperatute_ambient_maximum</propertyName>
        </Column>
        <Column>
          <columnName>High_Pressure_Side_Temperatute_Ambient_Minimum</columnName>
          <columnType>String</columnType>
          <propertyName>high_pressure_side_temperatute_ambient_minimum</propertyName>
        </Column>
        <Column>
          <columnName>High_Pressure_Side_Temperatute_Ambient_Unit</columnName>
          <columnType>String</columnType>
          <propertyName>high_pressure_side_temperatute_ambient_unit</propertyName>
        </Column>
        <Column>
          <columnName>High_Pressure_Side_Temperatute_Process_Last_Zero_Adjust</columnName>
          <columnType>String</columnType>
          <propertyName>high_pressure_side_temperatute_process_last_zero_adjust</propertyName>
        </Column>
        <Column>
          <columnName>High_Pressure_Side_Temperatute_Process_Maximum</columnName>
          <columnType>String</columnType>
          <propertyName>high_pressure_side_temperatute_process_maximum</propertyName>
        </Column>
        <Column>
          <columnName>High_Pressure_Side_Temperatute_Process_Minimum</columnName>
          <columnType>String</columnType>
          <propertyName>high_pressure_side_temperatute_process_minimum</propertyName>
        </Column>
        <Column>
          <columnName>Low_Pressure_Side_Temperatute_Ambient_Last_Zero_Adjust</columnName>
          <columnType>String</columnType>
          <propertyName>low_pressure_side_temperatute_ambient_last_zero_adjust</propertyName>
        </Column>
        <Column>
          <columnName>Low_Pressure_Side_Temperatute_Ambient_Maximum</columnName>
          <columnType>String</columnType>
          <propertyName>low_pressure_side_temperatute_ambient_maximum</propertyName>
        </Column>
        <Column>
          <columnName>Low_Pressure_Side_Temperatute_Ambient_Minimum</columnName>
          <columnType>String</columnType>
          <propertyName>low_pressure_side_temperatute_ambient_minimum</propertyName>
        </Column>
        <Column>
          <columnName>Low_Pressure_Side_Temperatute_Process_Last_Zero_Adjust</columnName>
          <columnType>String</columnType>
          <propertyName>low_pressure_side_temperatute_process_last_zero_adjust</propertyName>
        </Column>
        <Column>
          <columnName>Low_Pressure_Side_Temperatute_Process_Maximum</columnName>
          <columnType>String</columnType>
          <propertyName>low_pressure_side_temperatute_process_maximum</propertyName>
        </Column>
        <Column>
          <columnName>Low_Pressure_Side_Temperatute_Process_Minimum</columnName>
          <columnType>String</columnType>
          <propertyName>low_pressure_side_temperatute_process_minimum</propertyName>
        </Column>
        <Column>
          <columnName>Minimum_Pressure_Drop</columnName>
          <columnType>String</columnType>
          <propertyName>minimum_pressure_drop</propertyName>
        </Column>
        <Column>
          <columnName>Maximum_Pressure_Drop</columnName>
          <columnType>String</columnType>
          <propertyName>maximum_pressure_drop</propertyName>
        </Column>
        <Column>
          <columnName>Normal_Pressure_Drop</columnName>
          <columnType>String</columnType>
          <propertyName>normal_pressure_drop</propertyName>
        </Column>
        <Column>
          <columnName>Design_Pressure_Drop</columnName>
          <columnType>String</columnType>
          <propertyName>design_pressure_drop</propertyName>
        </Column>
        <Column>
          <columnName>Pressure_Drop_Unit</columnName>
          <columnType>String</columnType>
          <propertyName>pressure_drop_unit</propertyName>
        </Column>
        <Column>
          <columnName>PVMISC1</columnName>
          <columnType>String</columnType>
          <propertyName>pvmisc1</propertyName>
        </Column>
        <Column>
          <columnName>PVMISC2</columnName>
          <columnType>String</columnType>
          <propertyName>pvmisc2</propertyName>
        </Column>
        <Column>
          <columnName>Sensor_Type</columnName>
          <columnType>String</columnType>
          <propertyName>sensor_type</propertyName>
        </Column>
        <Column>
          <columnName>Sensor_Material</columnName>
          <columnType>String</columnType>
          <propertyName>sensor_material</propertyName>
        </Column>
        <Column>
          <columnName>Fill_Fluid_Material</columnName>
          <columnType>String</columnType>
          <propertyName>fill_fluid_material</propertyName>
        </Column>
        <Column>
          <columnName>Sensor_Temperature_Range</columnName>
          <columnType>String</columnType>
          <propertyName>sensor_temperature_range</propertyName>
        </Column>
        <Column>
          <columnName>Capillary_Material</columnName>
          <columnType>String</columnType>
          <propertyName>capillary_material</propertyName>
        </Column>
        <Column>
          <columnName>Capillary_Type</columnName>
          <columnType>String</columnType>
          <propertyName>capillary_type</propertyName>
        </Column>
        <Column>
          <columnName>Capillary_Length</columnName>
          <columnType>String</columnType>
          <propertyName>capillary_length</propertyName>
        </Column>
        <Column>
          <columnName>Capillary_Length_Unit</columnName>
          <columnType>String</columnType>
          <propertyName>capillary_length_unit</propertyName>
        </Column>
        <Column>
          <columnName>Upper_Housing_Material</columnName>
          <columnType>String</columnType>
          <propertyName>upper_housing_material</propertyName>
        </Column>
        <Column>
          <columnName>Lower_Housing_Material</columnName>
          <columnType>String</columnType>
          <propertyName>lower_housing_material</propertyName>
        </Column>
        <Column>
          <columnName>Flushing_Connection</columnName>
          <columnType>String</columnType>
          <propertyName>flushing_connection</propertyName>
        </Column>
        <Column>
          <columnName>Electrode_Type</columnName>
          <columnType>String</columnType>
          <propertyName>electrode_type</propertyName>
        </Column>
        <Column>
          <columnName>Orifice_Plate_Thickness</columnName>
          <columnType>String</columnType>
          <propertyName>orifice_plate_thickness</propertyName>
        </Column>
        <Column>
          <columnName>Orifice_Plate_Thickness_Unit</columnName>
          <columnType>String</columnType>
          <propertyName>orifice_plate_thickness_unit</propertyName>
        </Column>
        <Column>
          <columnName>Orifice_Plate_Bore_Diameter</columnName>
          <columnType>String</columnType>
          <propertyName>orifice_plate_bore_diameter</propertyName>
        </Column>
        <Column>
          <columnName>Orifice_Plate_Bore_Diameter_Unit</columnName>
          <columnType>String</columnType>
          <propertyName>orifice_plate_bore_diameter_unit</propertyName>
        </Column>
        <Column>
          <columnName>Orifice_Plate_Bore_Type</columnName>
          <columnType>String</columnType>
          <propertyName>orifice_plate_bore_type</propertyName>
        </Column>
        <Column>
          <columnName>Orifice_Plate_Bore_size_Unit</columnName>
          <columnType>String</columnType>
          <propertyName>orifice_plate_bore_size_unit</propertyName>
        </Column>
        <Column>
          <columnName>Orifice_Beta_Ratio</columnName>
          <columnType>String</columnType>
          <propertyName>orifice_beta_ratio</propertyName>
        </Column>
        <Column>
          <columnName>Drain_Hole_Diameter</columnName>
          <columnType>String</columnType>
          <propertyName>drain_hole_diameter</propertyName>
        </Column>
        <Column>
          <columnName>Drain_Hole_Diameter_Unit</columnName>
          <columnType>String</columnType>
          <propertyName>drain_hole_diameter_unit</propertyName>
        </Column>
        <Column>
          <columnName>Vent_Hole_Diameter</columnName>
          <columnType>String</columnType>
          <propertyName>vent_hole_diameter</propertyName>
        </Column>
        <Column>
          <columnName>Vent_Hole_Diameter_Unit</columnName>
          <columnType>String</columnType>
          <propertyName>vent_hole_diameter_unit</propertyName>
        </Column>
        <Column>
          <columnName>Flow_Full_Scale</columnName>
          <columnType>String</columnType>
          <propertyName>flow_full_scale</propertyName>
        </Column>
        <Column>
          <columnName>Differential_Pressure_Full_Scale</columnName>
          <columnType>String</columnType>
          <propertyName>differential_pressure_full_scale</propertyName>
        </Column>
        <Column>
          <columnName>Taps_Size</columnName>
          <columnType>String</columnType>
          <propertyName>taps_size</propertyName>
        </Column>
        <Column>
          <columnName>Taps_Size_Unit</columnName>
          <columnType>String</columnType>
          <propertyName>taps_size_unit</propertyName>
        </Column>
        <Column>
          <columnName>Taps_Type</columnName>
          <columnType>String</columnType>
          <propertyName>taps_type</propertyName>
        </Column>
        <Column>
          <columnName>Taps_Orientation</columnName>
          <columnType>String</columnType>
          <propertyName>taps_orientation</propertyName>
        </Column>
        <Column>
          <columnName>Pipe_Material</columnName>
          <columnType>String</columnType>
          <propertyName>pipe_material</propertyName>
        </Column>
        <Column>
          <columnName>Pipe_Orientation</columnName>
          <columnType>String</columnType>
          <propertyName>pipe_orientation</propertyName>
        </Column>
        <Column>
          <columnName>Fluid_Direction</columnName>
          <columnType>String</columnType>
          <propertyName>fluid_direction</propertyName>
        </Column>
        <Column>
          <columnName>Meter_Mounting_Type</columnName>
          <columnType>String</columnType>
          <propertyName>meter_mounting_type</propertyName>
        </Column>
        <Column>
          <columnName>Line_Number</columnName>
          <columnType>String</columnType>
          <propertyName>line_number</propertyName>
        </Column>
        <Column>
          <columnName>Line_Size</columnName>
          <columnType>String</columnType>
          <propertyName>line_size</propertyName>
        </Column>
        <Column>
          <columnName>Line_Size_Unit</columnName>
          <columnType>String</columnType>
          <propertyName>line_size_unit</propertyName>
        </Column>
        <Column>
          <columnName>Line_Schedule</columnName>
          <columnType>String</columnType>
          <propertyName>line_schedule</propertyName>
        </Column>
        <Column>
          <columnName>Flowmeter_Body_Type</columnName>
          <columnType>String</columnType>
          <propertyName>flowmeter_body_type</propertyName>
        </Column>
        <Column>
          <columnName>Flowmeter_Body_Material</columnName>
          <columnType>String</columnType>
          <propertyName>flowmeter_body_material</propertyName>
        </Column>
        <Column>
          <columnName>Flowmeter_Body_Flange_Rating</columnName>
          <columnType>String</columnType>
          <propertyName>flowmeter_body_flange_rating</propertyName>
        </Column>
        <Column>
          <columnName>Flowmeter_Body_Flange_Type</columnName>
          <columnType>String</columnType>
          <propertyName>flowmeter_body_flange_type</propertyName>
        </Column>
        <Column>
          <columnName>Flowmeter_Body_Flange_Material</columnName>
          <columnType>String</columnType>
          <propertyName>flowmeter_body_flange_material</propertyName>
        </Column>
        <Column>
          <columnName>Drain_Material</columnName>
          <columnType>String</columnType>
          <propertyName>drain_material</propertyName>
        </Column>
        <Column>
          <columnName>Vent_Material</columnName>
          <columnType>String</columnType>
          <propertyName>vent_material</propertyName>
        </Column>
        <Column>
          <columnName>Drain_Location</columnName>
          <columnType>String</columnType>
          <propertyName>drain_location</propertyName>
        </Column>
        <Column>
          <columnName>Vent_Location</columnName>
          <columnType>String</columnType>
          <propertyName>vent_location</propertyName>
        </Column>
        <Column>
          <columnName>Flowmeter_Body_Bolting_Material</columnName>
          <columnType>String</columnType>
          <propertyName>flowmeter_body_bolting_material</propertyName>
        </Column>
        <Column>
          <columnName>Flowmeter_Body_Mounting_Brackets</columnName>
          <columnType>String</columnType>
          <propertyName>flowmeter_body_mounting_brackets</propertyName>
        </Column>
        <Column>
          <columnName>Flowmeter_Body_ORing</columnName>
          <columnType>String</columnType>
          <propertyName>flowmeter_body_oring</propertyName>
        </Column>
        <Column>
          <columnName>Flowmeter_Body_Housing</columnName>
          <columnType>String</columnType>
          <propertyName>flowmeter_body_housing</propertyName>
        </Column>
        <Column>
          <columnName>Flowmeter_Body_Conduit_Entry_Size</columnName>
          <columnType>String</columnType>
          <propertyName>flowmeter_body_conduit_entry_size</propertyName>
        </Column>
        <Column>
          <columnName>Flowmeter_Body_Gasket_Material</columnName>
          <columnType>String</columnType>
          <propertyName>flowmeter_body_gasket_material</propertyName>
        </Column>
        <Column>
          <columnName>Flow_Tube_Type</columnName>
          <columnType>String</columnType>
          <propertyName>flow_tube_type</propertyName>
        </Column>
        <Column>
          <columnName>Flow_Tube_Material</columnName>
          <columnType>String</columnType>
          <propertyName>flow_tube_material</propertyName>
        </Column>
        <Column>
          <columnName>Flow_Tube_Diameter</columnName>
          <columnType>String</columnType>
          <propertyName>flow_tube_diameter</propertyName>
        </Column>
        <Column>
          <columnName>Flowmeter_Lining_Material</columnName>
          <columnType>String</columnType>
          <propertyName>flowmeter_lining_material</propertyName>
        </Column>
        <Column>
          <columnName>Level_Detector_O-Ring</columnName>
          <columnType>String</columnType>
          <propertyName>level_detector_oring</propertyName>
        </Column>
        <Column>
          <columnName>Level_Detector_Type</columnName>
          <columnType>String</columnType>
          <propertyName>level_detector_type</propertyName>
        </Column>
        <Column>
          <columnName>Level_Detector_Style</columnName>
          <columnType>String</columnType>
          <propertyName>level_detector_style</propertyName>
        </Column>
        <Column>
          <columnName>Level_Detector_Insertion_Length</columnName>
          <columnType>String</columnType>
          <propertyName>level_detector_insertion_length</propertyName>
        </Column>
        <Column>
          <columnName>Level_Detector_Insertion_Length_Unit</columnName>
          <columnType>String</columnType>
          <propertyName>level_detector_insertion_length_unit</propertyName>
        </Column>
        <Column>
          <columnName>Integral_Cable_Length</columnName>
          <columnType>String</columnType>
          <propertyName>integral_cable_length</propertyName>
        </Column>
        <Column>
          <columnName>Integral_Cable_Length_Unit</columnName>
          <columnType>String</columnType>
          <propertyName>integral_cable_length_unit</propertyName>
        </Column>
        <Column>
          <columnName>Wet_Side</columnName>
          <columnType>String</columnType>
          <propertyName>wet_side</propertyName>
        </Column>
        <Column>
          <columnName>Fork_Length</columnName>
          <columnType>String</columnType>
          <propertyName>fork_length</propertyName>
        </Column>
        <Column>
          <columnName>Specific_Extended_Fork_Length</columnName>
          <columnType>String</columnType>
          <propertyName>specific_extended_fork_length</propertyName>
        </Column>
        <Column>
          <columnName>Fork_Length_Unit</columnName>
          <columnType>String</columnType>
          <propertyName>fork_length_unit</propertyName>
        </Column>
        <Column>
          <columnName>Sensor_Switch_Point</columnName>
          <columnType>String</columnType>
          <propertyName>sensor_switch_point</propertyName>
        </Column>
        <Column>
          <columnName>Process_Connection</columnName>
          <columnType>String</columnType>
          <propertyName>process_connection</propertyName>
        </Column>
        <Column>
          <columnName>Process_Connection_Rating</columnName>
          <columnType>String</columnType>
          <propertyName>process_connection_rating</propertyName>
        </Column>
        <Column>
          <columnName>Low_Side_Fill_Fluid</columnName>
          <columnType>String</columnType>
          <propertyName>low_side_fill_fluid</propertyName>
        </Column>
        <Column>
          <columnName>High_Side_Fill_Fluid</columnName>
          <columnType>String</columnType>
          <propertyName>high_side_fill_fluid</propertyName>
        </Column>
        <Column>
          <columnName>Grounded_Or_Ungrounded</columnName>
          <columnType>String</columnType>
          <propertyName>grounded_or_ungrounded</propertyName>
        </Column>
        <Column>
          <columnName>Temperature_Sensor_Length</columnName>
          <columnType>String</columnType>
          <propertyName>temperature_sensor_length</propertyName>
        </Column>
        <Column>
          <columnName>Temperature_Sensor_Length_Unit</columnName>
          <columnType>String</columnType>
          <propertyName>temperature_sensor_length_unit</propertyName>
        </Column>
        <Column>
          <columnName>Nominal_Resistance_At_Temperature</columnName>
          <columnType>String</columnType>
          <propertyName>nominal_resistance_at_temperature</propertyName>
        </Column>
        <Column>
          <columnName>Number_Of_Wires_For_RTD</columnName>
          <columnType>String</columnType>
          <propertyName>number_of_wires_for_rtd</propertyName>
        </Column>
        <Column>
          <columnName>Temperature_Coefficient</columnName>
          <columnType>String</columnType>
          <propertyName>temperature_coefficient</propertyName>
        </Column>
        <Column>
          <columnName>Insulator_Material</columnName>
          <columnType>String</columnType>
          <propertyName>insulator_material</propertyName>
        </Column>
        <Column>
          <columnName>Temperature_Detector_Spring_Loading</columnName>
          <columnType>String</columnType>
          <propertyName>temperature_detector_spring_loading</propertyName>
        </Column>
        <Column>
          <columnName>Sheath_Material</columnName>
          <columnType>String</columnType>
          <propertyName>sheath_material</propertyName>
        </Column>
        <Column>
          <columnName>Sheath_Outside_Diameter</columnName>
          <columnType>String</columnType>
          <propertyName>sheath_outside_diameter</propertyName>
        </Column>
        <Column>
          <columnName>Sheath_Outside_Diameter_Unit</columnName>
          <columnType>String</columnType>
          <propertyName>sheath_outside_diameter_unit</propertyName>
        </Column>
        <Column>
          <columnName>Connection_Head_Housing_Type</columnName>
          <columnType>String</columnType>
          <propertyName>connection_head_housing_type</propertyName>
        </Column>
        <Column>
          <columnName>Connection_Thread</columnName>
          <columnType>String</columnType>
          <propertyName>connection_thread</propertyName>
        </Column>
        <Column>
          <columnName>Conduit_Connection</columnName>
          <columnType>String</columnType>
          <propertyName>conduit_connection</propertyName>
        </Column>
        <Column>
          <columnName>Connection_Head_Enclosure_Type</columnName>
          <columnType>String</columnType>
          <propertyName>connection_head_enclosure_type</propertyName>
        </Column>
        <Column>
          <columnName>Grounding_Terminal_Location</columnName>
          <columnType>String</columnType>
          <propertyName>grounding_terminal_location</propertyName>
        </Column>
        <Column>
          <columnName>Connection_Head_Enclosure_Material</columnName>
          <columnType>String</columnType>
          <propertyName>connection_head_enclosure_material</propertyName>
        </Column>
        <Column>
          <columnName>Terminal_Block_Material</columnName>
          <columnType>String</columnType>
          <propertyName>terminal_block_material</propertyName>
        </Column>
        <Column>
          <columnName>Terminal_Material</columnName>
          <columnType>String</columnType>
          <propertyName>terminal_material</propertyName>
        </Column>
        <Column>
          <columnName>Lead_Wire_Extension_Type</columnName>
          <columnType>String</columnType>
          <propertyName>lead_wire_extension_type</propertyName>
        </Column>
        <Column>
          <columnName>Lead_Wire_Extension_Matreial</columnName>
          <columnType>String</columnType>
          <propertyName>lead_wire_extension_matreial</propertyName>
        </Column>
        <Column>
          <columnName>Lead_Wire_Extension_Length</columnName>
          <columnType>String</columnType>
          <propertyName>lead_wire_extension_length</propertyName>
        </Column>
        <Column>
          <columnName>Lead_Wire_Extension_Length_Unit</columnName>
          <columnType>String</columnType>
          <propertyName>lead_wire_extension_length_unit</propertyName>
        </Column>
        <Column>
          <columnName>Nipple_Union_Nominal_Size</columnName>
          <columnType>String</columnType>
          <propertyName>nipple_union_nominal_size</propertyName>
        </Column>
        <Column>
          <columnName>Nipple_Union_Nominal_Size_Unit</columnName>
          <columnType>String</columnType>
          <propertyName>nipple_union_nominal_size_unit</propertyName>
        </Column>
        <Column>
          <columnName>Connecting_Wire_Length</columnName>
          <columnType>String</columnType>
          <propertyName>connecting_wire_length</propertyName>
        </Column>
        <Column>
          <columnName>Connecting_Wire_Length_Unit</columnName>
          <columnType>String</columnType>
          <propertyName>connecting_wire_length_unit</propertyName>
        </Column>
        <Column>
          <columnName>Nipple_Material</columnName>
          <columnType>String</columnType>
          <propertyName>nipple_material</propertyName>
        </Column>
        <Column>
          <columnName>Union_-_Coupling_Material</columnName>
          <columnType>String</columnType>
          <propertyName>union_coupling_material</propertyName>
        </Column>
        <Column>
          <columnName>Thermowell_Tube_Material</columnName>
          <columnType>String</columnType>
          <propertyName>thermowell_tube_material</propertyName>
        </Column>
        <Column>
          <columnName>Thermowell_Mounting</columnName>
          <columnType>String</columnType>
          <propertyName>thermowell_mounting</propertyName>
        </Column>
        <Column>
          <columnName>Thermowell_Process_Connection</columnName>
          <columnType>String</columnType>
          <propertyName>thermowell_process_connection</propertyName>
        </Column>
        <Column>
          <columnName>Thermowell_Sheath_Material-Thickness</columnName>
          <columnType>String</columnType>
          <propertyName>thermowell_sheath_material_thickness</propertyName>
        </Column>
        <Column>
          <columnName>Thermowell_sheath_Material-Thickness_Unit</columnName>
          <columnType>String</columnType>
          <propertyName>thermowell_sheath_material_thickness_unit</propertyName>
        </Column>
        <Column>
          <columnName>Thermowell_Construction_Type</columnName>
          <columnType>String</columnType>
          <propertyName>thermowell_construction_type</propertyName>
        </Column>
        <Column>
          <columnName>Thermowell_Insertion_Length</columnName>
          <columnType>String</columnType>
          <propertyName>thermowell_insertion_length</propertyName>
        </Column>
        <Column>
          <columnName>Thermowell_Insertion_Length_Unit</columnName>
          <columnType>String</columnType>
          <propertyName>thermowell_insertion_length_unit</propertyName>
        </Column>
        <Column>
          <columnName>Thermowell_Lagging_Extension_Length</columnName>
          <columnType>String</columnType>
          <propertyName>thermowell_lagging_extension_length</propertyName>
        </Column>
        <Column>
          <columnName>Thermowell_Lagging_Extension_Length_Unit</columnName>
          <columnType>String</columnType>
          <propertyName>thermowell_lagging_extension_length_unit</propertyName>
        </Column>
        <Column>
          <columnName>Thermowell_Shank_Style</columnName>
          <columnType>String</columnType>
          <propertyName>thermowell_shank_style</propertyName>
        </Column>
        <Column>
          <columnName>Thermowell_Flange_Size</columnName>
          <columnType>String</columnType>
          <propertyName>thermowell_flange_size</propertyName>
        </Column>
        <Column>
          <columnName>Thermowell_Flange_Size_Unit</columnName>
          <columnType>String</columnType>
          <propertyName>thermowell_flange_size_unit</propertyName>
        </Column>
        <Column>
          <columnName>Thermowell_Flange_Rating</columnName>
          <columnType>String</columnType>
          <propertyName>thermowell_flange_rating</propertyName>
        </Column>
        <Column>
          <columnName>Thermowell_Flange_Material</columnName>
          <columnType>String</columnType>
          <propertyName>thermowell_flange_material</propertyName>
        </Column>
        <Column>
          <columnName>Thermowell_Bore_Diameter</columnName>
          <columnType>String</columnType>
          <propertyName>thermowell_bore_diameter</propertyName>
        </Column>
        <Column>
          <columnName>Thermowell_Bore_Diameter_Unit</columnName>
          <columnType>String</columnType>
          <propertyName>thermowell_bore_diameter_unit</propertyName>
        </Column>
        <Column>
          <columnName>Thermowell_Outside_Diameter_At_Support</columnName>
          <columnType>String</columnType>
          <propertyName>thermowell_outside_diameter_at_support</propertyName>
        </Column>
        <Column>
          <columnName>Thermowell_Outside_Diameter_At_Tip</columnName>
          <columnType>String</columnType>
          <propertyName>thermowell_outside_diameter_at_tip</propertyName>
        </Column>
        <Column>
          <columnName>Thermowell_Outside_Diameter_Unit</columnName>
          <columnType>String</columnType>
          <propertyName>thermowell_outside_diameter_unit</propertyName>
        </Column>
      </columns>
      <entityName>Instrument</entityName>
      <keys>
        <Key>
          <columnName>Tag_Number</columnName>
          <columnType>String</columnType>
          <propertyName>tag_number</propertyName>
          <keyType>assigned</keyType>
        </Key>
      </keys>
      <lazyLoading>true</lazyLoading>
      <tableName>FL_PRE_TEMP_ATTRIBUTES_MAPPING_MASTER</tableName>
    </Table>
  </tables>
</DatabaseDictionary>