<DatabaseDictionary xmlns="http://ns.iringtools.org/library" xmlns:i="http://www.w3.org/2001/XMLSchema-instance">
  <connectionString>Data Source=.\SQLEXPRESS;Initial Catalog=MM;User Id=MM_Login;Password=MM</connectionString>
  <provider>MsSql2008</provider>
  <tables>
    <Table>
      <associations i:nil="true"/>
      <columns>       
        <Column>
          <columnName>DIAMETER</columnName>
          <columnType>Double</columnType>
          <propertyName>DIAMETER</propertyName>
        </Column>
        <Column>
          <columnName>LENGTH_UOM</columnName>
          <columnType>String</columnType>
          <propertyName>LENGTH_UOM</propertyName>
        </Column>
        <Column>
          <columnName>B_SYS_LOC</columnName>
          <columnType>String</columnType>
          <propertyName>B_SYS_LOC</propertyName>
        </Column>        
      </columns>
      <entityName>LINE</entityName>
      <keys>
        <Key>
          <columnName>TAGNO</columnName>
          <columnType>String</columnType>
          <propertyName>TAGNO</propertyName>
          <keyType>assigned</keyType>
        </Key>
      </keys>
      <lazyLoading>true</lazyLoading>
      <tableName>LINE</tableName>
    </Table>      
  </tables>
</DatabaseDictionary>