<DatabaseDictionary xmlns="http://ns.iringtools.org/library" xmlns:i="http://www.w3.org/2001/XMLSchema-instance">
  <connectionString>Persist Security Info=True;Data Source=localdb;User ID=EM;Password=em</connectionString>
  <provider>Oracle10g</provider>
  <tables>
    <Table>
      <associations i:nil="true"/>
      <columns>       
        <Column>
          <columnName>DIAMETER</columnName>
          <columnType>Double</columnType>
          <propertyName>diameter</propertyName>
        </Column>
        <Column>
          <columnName>DIAMETER_UOM</columnName>
          <columnType>String</columnType>
          <propertyName>uomDiameter</propertyName>
        </Column>
        <Column>
          <columnName>SYSTEM</columnName>
          <columnType>String</columnType>
          <propertyName>system</propertyName>
        </Column>        
      </columns>
      <entityName>Line</entityName>
      <keys>
        <Key>
          <columnName>TAG</columnName>
          <columnType>String</columnType>
          <propertyName>tag</propertyName>
          <keyType>assigned</keyType>
        </Key>
      </keys>
      <lazyLoading>true</lazyLoading>
      <tableName>Line</tableName>
    </Table>      
  </tables>
</DatabaseDictionary>