<ClassificationTemplate xmlns="http://schemas.datacontract.org/2004/07/org.iringtools.library">
  <TemplateIds>
    <templateId>tpl:R63638239485</templateId>
  </TemplateIds>
  <TemplateMap>
    <templateId>tpl:R63638239485</templateId>
    <name>ClassificationOfIndividual</name>
    <roleMaps>
      <RoleMap>
        <type>Reference</type>
        <roleId>tpl:R55055340390</roleId>
        <name>hasClass</name>
        <dataType>dm:ClassOfIndividual</dataType>
        <propertyName/>
        <value>rdl:R99781532080</value>
      </RoleMap>
      <RoleMap>
        <type>Possessor</type>
        <roleId>tpl:R99011248050</roleId>
        <name>hasIndividual</name>
        <dataType/>
        <propertyName/>
        <value/>
      </RoleMap>
    </roleMaps>
    <templateType>Definition</templateType>
  </TemplateMap>
</ClassificationTemplate>