<Mapping xmlns="http://schemas.datacontract.org/2004/07/org.iringtools.library" xmlns:i="http://www.w3.org/2001/XMLSchema-instance">
  <graphMaps>
    <GraphMap>
      <name>Lines</name>
      <classTemplateListMaps xmlns:a="http://schemas.microsoft.com/2003/10/Serialization/Arrays">
        <a:KeyValueOfClassMapArrayOfTemplateMap5KeNI5sr>
          <a:Key>
            <classId>rdl:R19192462550</classId>
            <name>PIPING NETWORK SYSTEM</name>
            <identifiers>
              <a:string>LINES.TAG</a:string>
            </identifiers>
          </a:Key>
          <a:Value>
            <TemplateMap>
              <templateId>tpl:R66921101783</templateId>
              <name>IdentificationByTag</name>
              <roleMaps>
                <RoleMap>
                  <type>Possessor</type>
                  <roleId>tpl:R44537504070</roleId>
                  <name>hasObject</name>
                </RoleMap>
                <RoleMap>
                  <type>Reference</type>
                  <roleId>tpl:R30790108016</roleId>
                  <name>hasIdentificationType</name>
                  <value>rdl:R40471041754</value>
                </RoleMap>
                <RoleMap>
                  <type>Property</type>
                  <roleId>tpl:R22674749688</roleId>
                  <name>valIdentifier</name>
                  <dataType>xsd:string</dataType>
                  <propertyName>LINES.TAG</propertyName>
                </RoleMap>
              </roleMaps>
            </TemplateMap>
            <TemplateMap>
              <templateId>tpl:R41248767846</templateId>
              <name>PlantAreaHasPlantObject</name>
              <roleMaps>
                <RoleMap>
                  <type>Possessor</type>
                  <roleId>tpl:R77585325576</roleId>
                  <name>part</name>
                </RoleMap>
                <RoleMap>
                  <type>Reference</type>
                  <roleId>tpl:R62157498012</roleId>
                  <name>assemblyType</name>
                  <value>rdl:R30942378492</value>
                </RoleMap>
                <RoleMap>
                  <type>Reference</type>
                  <roleId>tpl:R62348020201</roleId>
                  <name>whole</name>
                  <value>rdl:R49658319833</value>
                  <classMap>
                    <classId>rdl:R49658319833</classId>
                    <name>PLANT AREA</name>
                    <identifiers>
                      <a:string>LINES.AREA</a:string>
                    </identifiers>
                  </classMap>
                </RoleMap>
              </roleMaps>
            </TemplateMap>
            <TemplateMap>
              <templateId>tpl:R11327281485</templateId>
              <name>PAndIDRepresentation</name>
              <roleMaps>
                <RoleMap>
                  <type>Possessor</type>
                  <roleId>tpl:R22715013877</roleId>
                  <name>object</name>
                </RoleMap>
                <RoleMap>
                  <type>Reference</type>
                  <roleId>tpl:R35290929175</roleId>
                  <name>representationType</name>
                  <value>rdl:R99486931975</value>
                </RoleMap>
                <RoleMap>
                  <type>Reference</type>
                  <roleId>tpl:R74328815710</roleId>
                  <name>representation</name>
                  <value>rdl:R99486931975</value>
                  <classMap>
                    <classId>rdl:R99486931975</classId>
                    <name>P AND I DIAGRAM</name>
                    <identifiers>
                      <a:string>LINES.PIDNUMBER</a:string>
                    </identifiers>
                  </classMap>
                </RoleMap>
              </roleMaps>
            </TemplateMap>
            <TemplateMap>
              <templateId>tpl:R77443358818</templateId>
              <name>NominalDiameter</name>
              <roleMaps>
                <RoleMap>
                  <type>Possessor</type>
                  <roleId>tpl:R16314127825</roleId>
                  <name>hasPossessor</name>
                </RoleMap>
                <RoleMap>
                  <type>Property</type>
                  <roleId>tpl:R93884193692</roleId>
                  <name>hasScale</name>
                  <dataType>xsd:double</dataType>
                  <propertyName>LINES.UOM_NOMDIAMETER</propertyName>
                  <valueListName>Length</valueListName>
                </RoleMap>
                <RoleMap>
                  <type>Reference</type>
                  <roleId>tpl:R59896853239</roleId>
                  <name>hasType</name>
                  <value>rdl:R17622148043</value>
                </RoleMap>
                <RoleMap>
                  <type>Property</type>
                  <roleId>tpl:R90688063648</roleId>
                  <name>valValue</name>
                  <dataType>xsd:double</dataType>
                  <propertyName>LINES.NOMDIAMETER</propertyName>
                  <value/>
                </RoleMap>
              </roleMaps>
            </TemplateMap>
            <TemplateMap>
              <templateId>tpl:R63638239485</templateId>
              <name>ClassificationOfIndividual</name>
              <roleMaps>
                <RoleMap>
                  <type>Reference</type>
                  <roleId>tpl:R55055340393</roleId>
                  <name>hasClass</name>
                  <dataType>dm:ClassOfIndividual</dataType>
                  <propertyName/>
                  <value>rdl:R99781532089</value>
                </RoleMap>
                <RoleMap>
                  <type>Possessor</type>
                  <roleId>tpl:R99011248051</roleId>
                  <name>hasIndividual</name>
                  <dataType/>
                  <propertyName/>
                  <value/>
                </RoleMap>
              </roleMaps>
              <templateType>Definition</templateType>
            </TemplateMap>
          </a:Value>
        </a:KeyValueOfClassMapArrayOfTemplateMap5KeNI5sr>
        <a:KeyValueOfClassMapArrayOfTemplateMap5KeNI5sr>
          <a:Key>
            <classId>rdl:R49658319833</classId>
            <name>PLANT AREA</name>
            <identifiers>
              <a:string>LINES.AREA</a:string>
            </identifiers>
          </a:Key>
          <a:Value>
            <TemplateMap>
              <templateId>tpl:R66921101783</templateId>
              <name>IdentificationByTag</name>
              <roleMaps>
                <RoleMap>
                  <type>Possessor</type>
                  <roleId>tpl:R44537504070</roleId>
                  <name>hasObject</name>
                </RoleMap>
                <RoleMap>
                  <type>Reference</type>
                  <roleId>tpl:R30790108016</roleId>
                  <name>hasIdentificationType</name>
                  <value>rdl:R40471041754</value>
                </RoleMap>
                <RoleMap>
                  <type>Property</type>
                  <roleId>tpl:R22674749688</roleId>
                  <name>valIdentifier</name>
                  <dataType>xsd:string</dataType>
                  <propertyName>LINES.AREA</propertyName>
                </RoleMap>
              </roleMaps>
            </TemplateMap>
          </a:Value>
        </a:KeyValueOfClassMapArrayOfTemplateMap5KeNI5sr>
        <a:KeyValueOfClassMapArrayOfTemplateMap5KeNI5sr>
          <a:Key>
            <classId>rdl:R99486931975</classId>
            <name>P AND I DIAGRAM</name>
            <identifiers>
              <a:string>LINES.PIDNUMBER</a:string>
            </identifiers>
          </a:Key>
          <a:Value>
            <TemplateMap>
              <templateId>tpl:R30193386273</templateId>
              <name>ClassifiedIdentification</name>
              <roleMaps>
                <RoleMap>
                  <type>Possessor</type>
                  <roleId>tpl:R44537504070</roleId>
                  <name>hasObject</name>
                </RoleMap>
                <RoleMap>
                  <type>Reference</type>
                  <roleId>tpl:R30790108016</roleId>
                  <name>hasIdentificationType</name>
                  <value>rdl:R16893283050</value>
                </RoleMap>
                <RoleMap>
                  <type>Property</type>
                  <roleId>tpl:R22674749688</roleId>
                  <name>valIdentifier</name>
                  <dataType>xsd:string</dataType>
                  <propertyName>LINES.PIDNUMBER</propertyName>
                </RoleMap>
              </roleMaps>
            </TemplateMap>
          </a:Value>
        </a:KeyValueOfClassMapArrayOfTemplateMap5KeNI5sr>
      </classTemplateListMaps>
      <dataObjectMap>LINES</dataObjectMap>
    </GraphMap>
  </graphMaps>
  <valueLists>
    <ValueList>
      <name>Length</name>
      <valueMaps>
        <ValueMap>
          <internalValue>METER</internalValue>
          <uri>rdl:R52054275374</uri>
        </ValueMap>
        <ValueMap>
          <internalValue>mm</internalValue>
          <uri>rdl:R52054275374</uri>
        </ValueMap>
        <ValueMap>
          <internalValue>INCH</internalValue>
          <uri>rdl:R34755432270</uri>
        </ValueMap>
      </valueMaps>
    </ValueList>
    <ValueList>
      <name>Temperature</name>
      <valueMaps>
        <ValueMap>
          <internalValue>degC</internalValue>
          <uri>rdl:R74877992703</uri>
        </ValueMap>
        <ValueMap>
          <internalValue>degK</internalValue>
          <uri>rdl:R53109662405</uri>
        </ValueMap>
      </valueMaps>
    </ValueList>
    <ValueList>
      <name>Pressure</name>
      <valueMaps>
        <ValueMap>
          <internalValue>PASCAL</internalValue>
          <uri>rdl:R98787754267</uri>
        </ValueMap>
        <ValueMap>
          <internalValue>BAR</internalValue>
          <uri>rdl:R83490506551</uri>
        </ValueMap>
      </valueMaps>
    </ValueList>
  </valueLists>
</Mapping>