<Queries xmlns="http://schemas.datacontract.org/2004/07/org.iringtools.library" xmlns:i="http://www.w3.org/2001/XMLSchema-instance">
  <QueryItem>
    <Key>ContainsSearch</Key>
    <Query>
      <bindings>
        <QueryBinding>
          <name>uri</name>
          <type>Uri</type>
        </QueryBinding>
        <QueryBinding>
          <name>label</name>
          <type>Literal</type>
        </QueryBinding>
        <QueryBinding>
          <name>type</name>
          <type>Uri</type>
        </QueryBinding>
      </bindings>
      <fileName>ContainsSearch.txt</fileName>
    </Query>
  </QueryItem>
  <QueryItem>
    <Key>ExactSearch</Key>
    <Query>
      <bindings>
        <QueryBinding>
          <name>uri</name>
          <type>Uri</type>
        </QueryBinding>
        <QueryBinding>
          <name>label</name>
          <type>Literal</type>
        </QueryBinding>
        <QueryBinding>
          <name>type</name>
          <type>Uri</type>
        </QueryBinding>
      </bindings>
      <fileName>ExactSearch.txt</fileName>
    </Query>
  </QueryItem>
  <QueryItem>
    <Key>GetLabel</Key>
    <Query>
      <bindings>
        <QueryBinding>
          <name>label</name>
          <type>Literal</type>
        </QueryBinding>
      </bindings>
      <fileName>GetLabel.txt</fileName>
    </Query>
  </QueryItem>
  <QueryItem>
    <Key>GetSubClasses</Key>
    <Query>
      <bindings>
        <QueryBinding>
          <name>uri</name>
          <type>Uri</type>
        </QueryBinding>
        <QueryBinding>
          <name>label</name>
          <type>Literal</type>
        </QueryBinding>
      </bindings>
      <fileName>GetSubClass.txt</fileName>
    </Query>
  </QueryItem>
  <QueryItem>
    <Key>GetClassification</Key>
    <Query>
      <bindings>
        <QueryBinding>
          <name>uri</name>
          <type>Uri</type>
        </QueryBinding>
        <QueryBinding>
          <name>label</name>
          <type>Literal</type>
        </QueryBinding>
        <QueryBinding>
          <name>type</name>
          <type>Uri</type>
        </QueryBinding>
      </bindings>
      <fileName>GetClassification.txt</fileName>
    </Query>
  </QueryItem>
  <QueryItem>
    <Key>GetSpecialization</Key>
    <Query>
      <bindings>
        <QueryBinding>
          <name>uri</name>
          <type>Uri</type>
        </QueryBinding>
        <QueryBinding>
          <name>label</name>
          <type>Literal</type>
        </QueryBinding>
      </bindings>
      <fileName>GetSuperClass.txt</fileName>
    </Query>
  </QueryItem>
  <QueryItem>
    <Key>GetClass</Key>
    <Query>
      <bindings>
        <QueryBinding>
          <name>label</name>
          <type>Literal</type>
        </QueryBinding>
        <QueryBinding>
          <name>type</name>
          <type>Uri</type>
        </QueryBinding>
        <QueryBinding>
          <name>definition</name>
          <type>Literal</type>
        </QueryBinding>
        <QueryBinding>
          <name>creator</name>
          <type>Literal</type>
        </QueryBinding>
        <QueryBinding>
          <name>creationDate</name>
          <type>Literal</type>
        </QueryBinding>
        <QueryBinding>
          <name>class</name>
          <type>Literal</type>
        </QueryBinding>
        <QueryBinding>
          <name>comment</name>
          <type>Literal</type>
        </QueryBinding>
        <QueryBinding>
          <name>authority</name>
          <type>Uri</type>
        </QueryBinding>
        <QueryBinding>
          <name>recorded</name>
          <type>Uri</type>
        </QueryBinding>
        <QueryBinding>
          <name>from</name>
          <type>Literal</type>
        </QueryBinding>
      </bindings>
      <fileName>GetClass.txt</fileName>
    </Query>
  </QueryItem>
  <QueryItem>
    <Key>GetTemplate</Key>
    <Query>
      <bindings>
        <QueryBinding>
          <name>label</name>
          <type>Literal</type>
        </QueryBinding>
        <QueryBinding>
          <name>definition</name>
          <type>Literal</type>
        </QueryBinding>
        <QueryBinding>
          <name>creationDate</name>
          <type>Literal</type>
        </QueryBinding>
      </bindings>
      <fileName>TemplateGetProperties.txt</fileName>
    </Query>
  </QueryItem>
  <QueryItem>
    <Key>GetTemplateQualification</Key>
    <Query>
      <bindings>
        <QueryBinding>
          <name>qualifies</name>
          <type>Uri</type>
        </QueryBinding>
        <QueryBinding>
          <name>name</name>
          <type>Literal</type>
        </QueryBinding>
        <QueryBinding>
          <name>description</name>
          <type>Literal</type>
        </QueryBinding>
        <QueryBinding>
          <name>statusClass</name>
          <type>Uri</type>
        </QueryBinding>
        <QueryBinding>
          <name>statusAuthority</name>
          <type>Uri</type>
        </QueryBinding>
      </bindings>
      <fileName>GetTemplateQualification.txt</fileName>
    </Query>
  </QueryItem>
  <QueryItem>
    <Key>GetRoles</Key>
    <Query>
      <bindings>
				<QueryBinding>
					<name>comment</name>
					<type>Literal</type>
				</QueryBinding>
        <QueryBinding>
          <name>type</name>
          <type>Uri</type>
        </QueryBinding>
        <QueryBinding>
          <name>label</name>
          <type>Literal</type>
        </QueryBinding>
        <QueryBinding>
          <name>index</name>
          <type>Literal</type>
        </QueryBinding>
        <QueryBinding>
          <name>role</name>
          <type>Uri</type>
        </QueryBinding>
      </bindings>
      <fileName>GetRoles.txt</fileName>
    </Query>
  </QueryItem>
  <QueryItem>
    <Key>GetRangeRestriction</Key>
    <Query>
      <bindings>
        <QueryBinding>
          <name>qualifies</name>
          <type>Uri</type>
        </QueryBinding>
        <QueryBinding>
          <name>name</name>
          <type>Literal</type>
        </QueryBinding>
        <QueryBinding>
          <name>range</name>
          <type>Uri</type>
        </QueryBinding>
      </bindings>
      <fileName>GetRangeRestriction.txt</fileName>
    </Query>
  </QueryItem>
  <QueryItem>
    <Key>GetReferenceRestriction</Key>
    <Query>
      <bindings>
        <QueryBinding>
          <name>qualifies</name>
          <type>Uri</type>
        </QueryBinding>
        <QueryBinding>
          <name>name</name>
          <type>Literal</type>
        </QueryBinding>
        <QueryBinding>
          <name>reference</name>
          <type>Uri</type>
        </QueryBinding>
      </bindings>
      <fileName>GetReferenceRestriction.txt</fileName>
    </Query>
  </QueryItem>
  <QueryItem>
    <Key>GetValueRestriction</Key>
    <Query>
      <bindings>
        <QueryBinding>
          <name>qualifies</name>
          <type>Uri</type>
        </QueryBinding>
        <QueryBinding>
          <name>name</name>
          <type>Literal</type>
        </QueryBinding>
        <QueryBinding>
          <name>value</name>
          <type>Literal</type>
        </QueryBinding>
      </bindings>
      <fileName>GetValueRestriction.txt</fileName>
    </Query>
  </QueryItem>
  <QueryItem>
    <Key>ClassRelationships</Key>
    <Query>
      <bindings>
        <QueryBinding>
          <name>uri</name>
          <type>Uri</type>
        </QueryBinding>
        <QueryBinding>
          <name>label</name>
          <type>Literal</type>
        </QueryBinding>
        <QueryBinding>
          <name>type</name>
          <type>Uri</type>
        </QueryBinding>
      </bindings>
      <fileName>GetRelations.txt</fileName>
    </Query>
  </QueryItem>
  <QueryItem>
    <Key>GetClassTemplates</Key>
    <Query>
      <bindings>
        <QueryBinding>
          <name>uri</name>
          <type>Uri</type>
        </QueryBinding>
        <QueryBinding>
          <name>label</name>
          <type>Literal</type>
        </QueryBinding>
      </bindings>
      <fileName>GetClassTemplates.txt</fileName>
    </Query>
  </QueryItem>
  <QueryItem>
    <Key>ClassProperties</Key>
    <Query>
      <bindings>
        <QueryBinding>
          <name>uri</name>
          <type>Uri</type>
        </QueryBinding>
        <QueryBinding>
          <name>label</name>
          <type>Literal</type>
        </QueryBinding>
      </bindings>
      <fileName>ClassRelations.txt</fileName>
    </Query>
  </QueryItem>
  <!-- part8 queries-->
  <QueryItem>
    <Key>GetTemplateClassification</Key>
    <Query>
      <bindings>
        <QueryBinding>
          <name>uri</name>
          <type>Uri</type>
        </QueryBinding>
      </bindings>
      <fileName>getTemplateClassification.txt</fileName>
    </Query>
  </QueryItem>
  <QueryItem>
    <Key>GetTemplateSpecialization</Key>
    <Query>
      <bindings>
        <QueryBinding>
          <name>uri</name>
          <type>Uri</type>
        </QueryBinding>
      </bindings>
      <fileName>getTemplateSpecialization.txt</fileName>
    </Query>
  </QueryItem>
  <QueryItem>
    <Key>GetPart8Template</Key>
    <Query>
      <bindings>
        <QueryBinding>
          <name>label</name>
          <type>Literal</type>
        </QueryBinding>
        <QueryBinding>
          <name>definition</name>
          <type>Literal</type>
        </QueryBinding>
        <QueryBinding>
          <name>creationDate</name>
          <type>Literal</type>
        </QueryBinding>
      </bindings>
      <fileName>getTemplate.txt</fileName>
    </Query>
  </QueryItem>
  <QueryItem>
    <Key>GetPart8Roles</Key>
    <Query>
      <bindings>
        <QueryBinding>
          <name>role</name>
          <type>Uri</type>
        </QueryBinding>
      </bindings>
      <fileName>getTemplateRoles.txt</fileName>
    </Query>
  </QueryItem>
  <QueryItem>
    <Key>GetPart8RoleRestrictions</Key>
    <Query>
      <bindings>
        <QueryBinding>
          <name>valuesFrom</name>
          <type>Uri</type>
        </QueryBinding>
        <QueryBinding>
          <name>cardinality</name>
          <type>Literal</type>
        </QueryBinding>
      </bindings>
      <fileName>getTemplateRoleRestriction.txt</fileName>
    </Query>
  </QueryItem>
  <QueryItem>
    <Key>GetPart8Specialization</Key>
    <Query>
      <bindings>
        <QueryBinding>
          <name>uri</name>
          <type>Uri</type>
        </QueryBinding>
        <QueryBinding>
          <name>label</name>
          <type>Literal</type>
        </QueryBinding>
      </bindings>
      <fileName>part8getsuperclass.txt</fileName>
    </Query>
  </QueryItem>
  <QueryItem>
    <Key>GetPart8Class</Key>
    <Query>
      <bindings>
        <QueryBinding>
          <name>comment</name>
          <type>Literal</type>
        </QueryBinding>
        <QueryBinding>
          <name>label</name>
          <type>Literal</type>
        </QueryBinding>
      </bindings>
      <fileName>part8getclass.txt</fileName>
    </Query>
  </QueryItem>
  <QueryItem>
    <Key>Part8ContainsSearch</Key>
    <Query>
      <bindings>
        <QueryBinding>
          <name>uri</name>
          <type>Uri</type>
        </QueryBinding>
        <QueryBinding>
          <name>label</name>
          <type>Literal</type>
        </QueryBinding>
      </bindings>
      <fileName>part8containssearch.txt</fileName>
    </Query>
  </QueryItem>
  <QueryItem>
    <Key>GetSubClassOf</Key>
    <Query>
      <bindings>
        <QueryBinding>
          <name>uri</name>
          <type>Uri</type>
        </QueryBinding>
        <QueryBinding>
          <name>label</name>
          <type>Literal</type>
        </QueryBinding>
      </bindings>
      <fileName>GetSubClassOf.txt</fileName>
    </Query>
  </QueryItem>
  <QueryItem>
    <Key>GetSubClassOfInverse</Key>
    <Query>
      <bindings>
        <QueryBinding>
          <name>uri</name>
          <type>Uri</type>
        </QueryBinding>
        <QueryBinding>
          <name>label</name>
          <type>Literal</type>
        </QueryBinding>
      </bindings>
      <fileName>GetSubClassOfInverse.txt</fileName>
    </Query>
  </QueryItem>
  <QueryItem>
    <Key>GetRelatedTemplates</Key>
    <Query>
      <bindings>
        <QueryBinding>
          <name>uri</name>
          <type>Uri</type>
        </QueryBinding>
        <QueryBinding>
          <name>label</name>
          <type>Literal</type>
        </QueryBinding>
      </bindings>
      <fileName>GetRelatedTemplates.txt</fileName>
    </Query>
  </QueryItem>
  <QueryItem>
    <Key>TemplateContainsSearch</Key>
    <Query>
      <bindings>
        <QueryBinding>
          <name>uri</name>
          <type>Uri</type>
        </QueryBinding>
        <QueryBinding>
          <name>label</name>
          <type>Literal</type>
        </QueryBinding>
        <QueryBinding>
          <name>type</name>
          <type>Uri</type>
        </QueryBinding>
      </bindings>
      <fileName>TemplateContainsSearch.txt</fileName>
    </Query>
  </QueryItem>
  <QueryItem>
    <Key>PostPart8Template_1</Key>
    <Query>
      <fileName>PostPart8Template_1.txt</fileName>
    </Query>
  </QueryItem>
  <QueryItem>
    <Key>PostPart8Template_2</Key>
    <Query>
      <fileName>PostPart8Template_2.txt</fileName>
    </Query>
  </QueryItem>
  <QueryItem>
    <Key>PostPart8Template_3</Key>
    <Query>
      <fileName>PostPart8Template_3.txt</fileName>
    </Query>
  </QueryItem>
  <QueryItem>
    <Key>PostPart8Template_4</Key>
    <Query>
      <fileName>PostPart8Template_4.txt</fileName>
    </Query>
  </QueryItem>
  <QueryItem>
    <Key>PostPart8Template_5_1</Key>
    <Query>
      <fileName>PostPart8Template_5_1.txt</fileName>
    </Query>
  </QueryItem>
  <QueryItem>
    <Key>PostPart8Template_5_2</Key>
    <Query>
      <fileName>PostPart8Template_5_2.txt</fileName>
    </Query>
  </QueryItem>
</Queries>