<ConfiguredEndpoints xmlns="http://schemas.datacontract.org/2004/07/DemoControlPanel.Web" xmlns:i="http://www.w3.org/2001/XMLSchema-instance"><adapterEndpoints><iRINGEndpoint><credentials i:nil="true" xmlns:a="http://schemas.datacontract.org/2004/07/org.iringtools.utility"/><id>1</id><name>iRINGSandbox AdapterService</name><serviceUri>http://www.iringsandbox.org/AdapterService/Service.svc</serviceUri></iRINGEndpoint><iRINGEndpoint><credentials xmlns:a="http://schemas.datacontract.org/2004/07/org.iringtools.utility"><a:encryptedToken>8stUFBRIGcYR0Nl8v25rm5+qecZZD6i6itQUBD8zM0bODWZk1TysqXLBvMkc4GVUSCGqS4I9G99Wcynf7Qdqssj5NgAqU7m16EguxwWAScfq8olyMFfjd271RNc35Nv9</a:encryptedToken><a:isEncrypted>true</a:isEncrypted></credentials><id>2</id><name>Bechtel AdapterService</name><serviceUri>https://facade.becpsn.com/AdapterService/Service.svc</serviceUri></iRINGEndpoint><iRINGEndpoint><credentials i:nil="true" xmlns:a="http://schemas.datacontract.org/2004/07/org.iringtools.utility"/><id>3</id><name>CCC AdapterService</name><serviceUri>http://c3d.ccc.gr/AdapterService/Service.svc</serviceUri></iRINGEndpoint><iRINGEndpoint><credentials i:nil="true" xmlns:a="http://schemas.datacontract.org/2004/07/org.iringtools.utility"/><id>4</id><name>Hatch AdapterService</name><serviceUri>http://iring.hatch.com.au/AdapterService/Service.svc</serviceUri></iRINGEndpoint><iRINGEndpoint><credentials i:nil="true" xmlns:a="http://schemas.datacontract.org/2004/07/org.iringtools.utility"/><id>5</id><name>Emerson AdapterService</name><serviceUri>http://122.248.16.198/AdapterService/Service.svc</serviceUri></iRINGEndpoint><iRINGEndpoint><credentials xmlns:a="http://schemas.datacontract.org/2004/07/org.iringtools.utility"><a:encryptedToken>7Q8aGXYHbwVtkqTbiYF9tsvcUa76udrgwFiYZQ7ixHsgaevNQAryCAOZQtJ3pV6pDniCTzJGm3B78clDFbtFFA==</a:encryptedToken><a:isEncrypted>true</a:isEncrypted></credentials><id>10</id><name>TCS AdapterService</name><serviceUri>http://125.20.35.60/AdapterService/Service.svc</serviceUri></iRINGEndpoint><iRINGEndpoint><credentials xmlns:a="http://schemas.datacontract.org/2004/07/org.iringtools.utility"><a:encryptedToken>8stUFBRIGcYR0Nl8v25rm5+qecZZD6i6itQUBD8zM0bODWZk1TysqXLBvMkc4GVUSCGqS4I9G99Wcynf7Qdqssj5NgAqU7m16EguxwWAScfq8olyMFfjd271RNc35Nv9</a:encryptedToken><a:isEncrypted>true</a:isEncrypted></credentials><id>12</id><name>Bechtel Staging AdapterService</name><serviceUri>https://façade.staging.becpsn.com/AdapterService/Service.svc</serviceUri></iRINGEndpoint><iRINGEndpoint><credentials i:nil="true" xmlns:a="http://schemas.datacontract.org/2004/07/org.iringtools.utility"/><id>22</id><name>Bechtel iLab AdapterService</name><serviceUri>http://labs98142/AdapterService/Service.svc</serviceUri></iRINGEndpoint><iRINGEndpoint><credentials i:nil="true" xmlns:a="http://schemas.datacontract.org/2004/07/org.iringtools.utility"/><id>27</id><name>Dow AdapterService</name><serviceUri>http://usmdlsdoww915/AdapterService/Service.svc</serviceUri></iRINGEndpoint><iRINGEndpoint><credentials i:nil="true" xmlns:a="http://schemas.datacontract.org/2004/07/org.iringtools.utility"/><id>80</id><name>Local AdapterService</name><serviceUri>http://localhost/AdapterService/Service.svc</serviceUri></iRINGEndpoint><iRINGEndpoint><credentials i:nil="true" xmlns:a="http://schemas.datacontract.org/2004/07/org.iringtools.utility"/><id>90</id><name>Local Debug AdapterService</name><serviceUri>http://localhost:52786/Service.svc</serviceUri></iRINGEndpoint></adapterEndpoints><interfaceEndpoints><iRINGEndpoint><credentials i:nil="true" xmlns:a="http://schemas.datacontract.org/2004/07/org.iringtools.utility"/><id>1</id><name>iRINGSandbox InterfaceService</name><serviceUri>http://www.iringsandbox.org/InterfaceService</serviceUri></iRINGEndpoint><iRINGEndpoint><credentials xmlns:a="http://schemas.datacontract.org/2004/07/org.iringtools.utility"><a:encryptedToken>8stUFBRIGcYR0Nl8v25rm5+qecZZD6i6itQUBD8zM0bODWZk1TysqXLBvMkc4GVUSCGqS4I9G99Wcynf7Qdqssj5NgAqU7m16EguxwWAScfq8olyMFfjd271RNc35Nv9</a:encryptedToken><a:isEncrypted>true</a:isEncrypted></credentials><id>2</id><name>Bechtel InterfaceService</name><serviceUri>https://facade.becpsn.com/InterfaceService</serviceUri></iRINGEndpoint><iRINGEndpoint><credentials i:nil="true" xmlns:a="http://schemas.datacontract.org/2004/07/org.iringtools.utility"/><id>3</id><name>CCC InterfaceService</name><serviceUri>http://c3d.ccc.gr/InterfaceService</serviceUri></iRINGEndpoint><iRINGEndpoint><credentials i:nil="true" xmlns:a="http://schemas.datacontract.org/2004/07/org.iringtools.utility"/><id>4</id><name>Hatch InterfaceService</name><serviceUri>http://iring.hatch.com.au/InterfaceService</serviceUri></iRINGEndpoint><iRINGEndpoint><credentials i:nil="true" xmlns:a="http://schemas.datacontract.org/2004/07/org.iringtools.utility"/><id>5</id><name>Emerson InterfaceService</name><serviceUri>http://122.248.16.198/InterfaceService</serviceUri></iRINGEndpoint><iRINGEndpoint><credentials xmlns:a="http://schemas.datacontract.org/2004/07/org.iringtools.utility"><a:encryptedToken>7Q8aGXYHbwVtkqTbiYF9tsvcUa76udrgwFiYZQ7ixHsgaevNQAryCAOZQtJ3pV6pDniCTzJGm3B78clDFbtFFA==</a:encryptedToken><a:isEncrypted>true</a:isEncrypted></credentials><id>10</id><name>TCS InterfaceService</name><serviceUri>http://125.20.35.60/InterfaceService</serviceUri></iRINGEndpoint><iRINGEndpoint><credentials xmlns:a="http://schemas.datacontract.org/2004/07/org.iringtools.utility"><a:encryptedToken>8stUFBRIGcYR0Nl8v25rm5+qecZZD6i6itQUBD8zM0bODWZk1TysqXLBvMkc4GVUSCGqS4I9G99Wcynf7Qdqssj5NgAqU7m16EguxwWAScfq8olyMFfjd271RNc35Nv9</a:encryptedToken><a:isEncrypted>true</a:isEncrypted></credentials><id>12</id><name>Bechtel Staging InterfaceService</name><serviceUri>https://façade.staging.becpsn.com/InterfaceService</serviceUri></iRINGEndpoint><iRINGEndpoint><credentials i:nil="true" xmlns:a="http://schemas.datacontract.org/2004/07/org.iringtools.utility"/><id>22</id><name>Bechtel iLab InterfaceService</name><serviceUri>http://labs98142/InterfaceService</serviceUri></iRINGEndpoint><iRINGEndpoint><credentials i:nil="true" xmlns:a="http://schemas.datacontract.org/2004/07/org.iringtools.utility"/><id>80</id><name>Local InterfaceService</name><serviceUri>http://localhost/InterfaceService</serviceUri></iRINGEndpoint></interfaceEndpoints><scenarios><Scenario><exportEnabled>false</exportEnabled><importEnabled>false</importEnabled><interfaceServiceId>1</interfaceServiceId><receiver>Bechtel</receiver><receiverAdapterServiceId>2</receiverAdapterServiceId><receiverApplicationName>Inspec</receiverApplicationName><receiverGraphName>LineList</receiverGraphName><receiverProjectName>12345_000</receiverProjectName><scenarioName>Bentley (PDx) -&gt; Bechtel (Inspec) [Lines]</scenarioName><sender>Bentley</sender><senderAdapterServiceId>N/A</senderAdapterServiceId><senderApplicationName>PDx</senderApplicationName><senderGraphName/><senderProjectName>12345_000</senderProjectName></Scenario><Scenario><exportEnabled>false</exportEnabled><importEnabled>false</importEnabled><interfaceServiceId>4</interfaceServiceId><receiver>CCC</receiver><receiverAdapterServiceId>3</receiverAdapterServiceId><receiverApplicationName>C3D</receiverApplicationName><receiverGraphName>Lines</receiverGraphName><receiverProjectName>CCC</receiverProjectName><scenarioName>Hatch (PlantSpace P&amp;ID) -&gt; CCC (C3D) [Lines]</scenarioName><sender>Hatch</sender><senderAdapterServiceId>4</senderAdapterServiceId><senderApplicationName>PSPID</senderApplicationName><senderGraphName>Lines</senderGraphName><senderProjectName>12345_000</senderProjectName></Scenario><Scenario><exportEnabled>false</exportEnabled><importEnabled>false</importEnabled><interfaceServiceId>4</interfaceServiceId><receiver>Dow</receiver><receiverAdapterServiceId>80</receiverAdapterServiceId><receiverApplicationName>SPPID</receiverApplicationName><receiverGraphName>LINE</receiverGraphName><receiverProjectName>CrackingComplex</receiverProjectName><scenarioName>Hatch (PlantSpace P&amp;ID) -&gt; Dow (SPPID) [Lines]</scenarioName><sender>Hatch</sender><senderAdapterServiceId>4</senderAdapterServiceId><senderApplicationName>PSPID</senderApplicationName><senderGraphName>Lines</senderGraphName><senderProjectName>12345_000</senderProjectName></Scenario><Scenario><exportEnabled>false</exportEnabled><importEnabled>false</importEnabled><interfaceServiceId>5</interfaceServiceId><receiver>CH2M Hill</receiver><receiverAdapterServiceId>80</receiverAdapterServiceId><receiverApplicationName>Inst</receiverApplicationName><receiverGraphName>InstrumentList</receiverGraphName><receiverProjectName>PDB</receiverProjectName><scenarioName>Emerson (Enter It Once) -&gt; CH2M Hill (Project Database) [Instruments]</scenarioName><sender>Emerson</sender><senderAdapterServiceId>5</senderAdapterServiceId><senderApplicationName>EIO</senderApplicationName><senderGraphName>INSTRUMENTS</senderGraphName><senderProjectName>12345_000</senderProjectName></Scenario><Scenario><exportEnabled>false</exportEnabled><importEnabled>false</importEnabled><interfaceServiceId>2</interfaceServiceId><receiver>Intergraph</receiver><receiverAdapterServiceId>80</receiverAdapterServiceId><receiverApplicationName>SPF</receiverApplicationName><receiverGraphName>ProcessEquipment</receiverGraphName><receiverProjectName>12345_000</receiverProjectName><scenarioName>Bechtel (Inspec) -&gt; Intergraph (SmartPlant Foundation) [Equipment]</scenarioName><sender>Bechtel</sender><senderAdapterServiceId>2</senderAdapterServiceId><senderApplicationName>Inspec</senderApplicationName><senderGraphName>EquipmentList</senderGraphName><senderProjectName>12345_000</senderProjectName></Scenario><Scenario><exportEnabled>false</exportEnabled><importEnabled>false</importEnabled><interfaceServiceId>10</interfaceServiceId><receiver>Emerson</receiver><receiverAdapterServiceId>5</receiverAdapterServiceId><receiverApplicationName>EIO</receiverApplicationName><receiverGraphName>INSTRUMENTS</receiverGraphName><receiverProjectName>12345_000</receiverProjectName><scenarioName>TCS (SmartPlant Instrumentation) -&gt; Emersion (Enter It Once) [Instruments]</scenarioName><sender>TCS</sender><senderAdapterServiceId>10</senderAdapterServiceId><senderApplicationName>SPI</senderApplicationName><senderGraphName>InstrumentList</senderGraphName><senderProjectName>12345_000</senderProjectName></Scenario></scenarios></ConfiguredEndpoints>