<DataDictionary xmlns="http://ns.iringtools.org/library" xmlns:i="http://www.w3.org/2001/XMLSchema-instance">  
  <dataObjects>
    <DataObject>
      <dataProperties>
        <DataProperty>
          <dataLength i:nil="true"/>
          <dataType>String</dataType>
          <isPropertyKey>true</isPropertyKey>
          <isRequired>true</isRequired>
          <propertyName>Tag</propertyName>
        </DataProperty>
        <DataProperty>
          <dataLength i:nil="true"/>
          <dataType>String</dataType>
          <isPropertyKey>false</isPropertyKey>
          <isRequired>false</isRequired>
          <propertyName>PumpType</propertyName>
        </DataProperty>
        <DataProperty>
          <dataLength i:nil="true"/>
          <dataType>String</dataType>
          <isPropertyKey>false</isPropertyKey>
          <isRequired>false</isRequired>
          <propertyName>PumpDriverType</propertyName>
        </DataProperty>
        <DataProperty>
          <dataLength i:nil="true"/>
          <dataType>Double</dataType>
          <isPropertyKey>false</isPropertyKey>
          <isRequired>false</isRequired>
          <propertyName>DesignTemp</propertyName>
        </DataProperty>
        <DataProperty>
          <dataLength i:nil="true"/>
          <dataType>Double</dataType>
          <isPropertyKey>false</isPropertyKey>
          <isRequired>false</isRequired>
          <propertyName>DesignPressure</propertyName>
        </DataProperty>
        <DataProperty>
          <dataLength i:nil="true"/>
          <dataType>Double</dataType>
          <isPropertyKey>false</isPropertyKey>
          <isRequired>false</isRequired>
          <propertyName>Capacity</propertyName>
        </DataProperty>
        <DataProperty>
          <dataLength i:nil="true"/>
          <dataType>Double</dataType>
          <isPropertyKey>false</isPropertyKey>
          <isRequired>false</isRequired>
          <propertyName>SpecificGravity</propertyName>
        </DataProperty>
        <DataProperty>
          <dataLength i:nil="true"/>
          <dataType>Double</dataType>
          <isPropertyKey>false</isPropertyKey>
          <isRequired>false</isRequired>
          <propertyName>DifferentialPressure</propertyName>
        </DataProperty>
      </dataProperties>
      <dataRelationships i:nil="true"/>
      <objectName>Equipment</objectName>
      <objectNamespace>Bechtel.CSVDataLayer.API</objectNamespace>
    </DataObject>
    <DataObject>
      <dataProperties>
        <DataProperty>
          <dataLength i:nil="true"/>
          <dataType>String</dataType>
          <isPropertyKey>true</isPropertyKey>
          <isRequired>true</isRequired>
          <propertyName>Tag</propertyName>
        </DataProperty>
        <DataProperty>
          <dataLength i:nil="true"/>
          <dataType>Double</dataType>
          <isPropertyKey>false</isPropertyKey>
          <isRequired>false</isRequired>
          <propertyName>NominalDiameter</propertyName>
        </DataProperty>
        <DataProperty>
          <dataLength i:nil="true"/>
          <dataType>String</dataType>
          <isPropertyKey>false</isPropertyKey>
          <isRequired>false</isRequired>
          <propertyName>Description</propertyName>
        </DataProperty>
        <DataProperty>
          <dataLength i:nil="true"/>
          <dataType>String</dataType>
          <isPropertyKey>false</isPropertyKey>
          <isRequired>false</isRequired>
          <propertyName>InsulType</propertyName>
        </DataProperty>
        <DataProperty>
          <dataLength i:nil="true"/>
          <dataType>String</dataType>
          <isPropertyKey>false</isPropertyKey>
          <isRequired>false</isRequired>
          <propertyName>InsulPurpose</propertyName>
        </DataProperty>
        <DataProperty>
          <dataLength i:nil="true"/>
          <dataType>String</dataType>
          <isPropertyKey>false</isPropertyKey>
          <isRequired>false</isRequired>
          <propertyName>InsulThick</propertyName>
        </DataProperty>
      </dataProperties>
      <dataRelationships i:nil="true"/>
      <objectName>Instrument</objectName>
      <objectNamespace>Bechtel.CSVDataLayer.API</objectNamespace>
    </DataObject>
    <DataObject>
      <dataProperties>
        <DataProperty>
          <dataLength i:nil="true"/>
          <dataType>String</dataType>
          <isPropertyKey>true</isPropertyKey>
          <isRequired>true</isRequired>
          <propertyName>Tag</propertyName>
        </DataProperty>
        <DataProperty>
          <dataLength i:nil="true"/>
          <dataType>Double</dataType>
          <isPropertyKey>false</isPropertyKey>
          <isRequired>false</isRequired>
          <propertyName>NominalDiameter</propertyName>
        </DataProperty>
        <DataProperty>
          <dataLength i:nil="true"/>
          <dataType>String</dataType>
          <isPropertyKey>false</isPropertyKey>
          <isRequired>false</isRequired>
          <propertyName>Description</propertyName>
        </DataProperty>
        <DataProperty>
          <dataLength i:nil="true"/>
          <dataType>String</dataType>
          <isPropertyKey>false</isPropertyKey>
          <isRequired>false</isRequired>
          <propertyName>InsulType</propertyName>
        </DataProperty>
        <DataProperty>
          <dataLength i:nil="true"/>
          <dataType>String</dataType>
          <isPropertyKey>false</isPropertyKey>
          <isRequired>false</isRequired>
          <propertyName>InsulPurpose</propertyName>
        </DataProperty>
        <DataProperty>
          <dataLength i:nil="true"/>
          <dataType>String</dataType>
          <isPropertyKey>false</isPropertyKey>
          <isRequired>false</isRequired>
          <propertyName>InsulThick</propertyName>
        </DataProperty>
        <DataProperty>
          <dataLength i:nil="true"/>
          <dataType>String</dataType>
          <isPropertyKey>false</isPropertyKey>
          <isRequired>false</isRequired>
          <propertyName>OperFluidCode</propertyName>
        </DataProperty>
        <DataProperty>
          <dataLength i:nil="true"/>
          <dataType>String</dataType>
          <isPropertyKey>false</isPropertyKey>
          <isRequired>false</isRequired>
          <propertyName>PipingMaterialsClass</propertyName>
        </DataProperty>
      </dataProperties>
      <dataRelationships i:nil="true"/>
      <objectName>PipeRun</objectName>
      <objectNamespace>Bechtel.CSVDataLayer.API</objectNamespace>
    </DataObject>
    <DataObject>
      <dataProperties>
        <DataProperty>
          <dataLength i:nil="true"/>
          <dataType>String</dataType>
          <isPropertyKey>true</isPropertyKey>
          <isRequired>true</isRequired>
          <propertyName>Tag</propertyName>
        </DataProperty>
        <DataProperty>
          <dataLength i:nil="true"/>
          <dataType>Double</dataType>
          <isPropertyKey>false</isPropertyKey>
          <isRequired>false</isRequired>
          <propertyName>NominalDiameter</propertyName>
        </DataProperty>
        <DataProperty>
          <dataLength i:nil="true"/>
          <dataType>String</dataType>
          <isPropertyKey>false</isPropertyKey>
          <isRequired>false</isRequired>
          <propertyName>Description</propertyName>
        </DataProperty>
        <DataProperty>
          <dataLength i:nil="true"/>
          <dataType>String</dataType>
          <isPropertyKey>false</isPropertyKey>
          <isRequired>false</isRequired>
          <propertyName>InsulType</propertyName>
        </DataProperty>
        <DataProperty>
          <dataLength i:nil="true"/>
          <dataType>String</dataType>
          <isPropertyKey>false</isPropertyKey>
          <isRequired>false</isRequired>
          <propertyName>InsulPurpose</propertyName>
        </DataProperty>
        <DataProperty>
          <dataLength i:nil="true"/>
          <dataType>String</dataType>
          <isPropertyKey>false</isPropertyKey>
          <isRequired>false</isRequired>
          <propertyName>InsulThick</propertyName>
        </DataProperty>
      </dataProperties>
      <dataRelationships i:nil="true"/>
      <objectName>PipingComp</objectName>
      <objectNamespace>Bechtel.CSVDataLayer.API</objectNamespace>
    </DataObject>
  </dataObjects>
</DataDictionary>